POLNR;GEVO;DATUM
7000003;ERH;01.01.2016
7000004;ERH;01.01.2016
7000008;ERH;01.01.2016
7000010;ERH;01.01.2016
7000018;ERH;01.01.2016
7000019;ERH;01.01.2016
7000020;ERH;01.01.2016
7000023;ERH;01.01.2016
7000027;ERH;01.01.2016
7000028;PEX;01.01.2016
7000030;ERH;01.01.2016
7000031;ERH;01.01.2016
7000033;ERH;01.01.2016
7000034;ERH;01.01.2016
7000035;ERH;01.01.2016
7000036;ERH;01.01.2016
7000037;ERH;01.01.2016
7000047;PEX;01.02.2016
7000049;ERH;01.02.2016
7000050;ERH;01.02.2016
7000052;ERH;01.02.2016
7000053;ERH;01.02.2016
7000054;ERH;01.02.2016
7000055;ERH;01.02.2016
7000057;ERH;01.02.2016
7000061;ERH;01.02.2016
7000063;ERH;01.02.2016
7000068;ERH;01.02.2016
7000073;ERH;01.02.2016
7000078;ERH;01.02.2016
7000079;ERH;01.02.2016
7000081;ERH;01.03.2016
7000083;ERH;01.03.2016
7000084;ERH;01.03.2016
7000088;ERH;01.03.2016
7000097;ERH;01.03.2016
7000098;ERH;01.03.2016
7000100;ERH;01.03.2016
7000102;ERH;01.03.2016
7000105;ERH;01.03.2016
7000106;ERH;01.03.2016
7000107;ERH;01.03.2016
7000111;ERH;01.03.2016
7000112;ERH;01.03.2016
7000116;ERH;01.04.2016
7000118;ERH;01.04.2016
7000121;ERH;01.04.2016
7000122;ERH;01.04.2016
7000124;ERH;01.04.2016
7000128;PEX;01.04.2016
7000130;ERH;01.04.2016
7000138;ERH;01.04.2016
7000140;ERH;01.04.2016
7000141;ERH;01.04.2016
7000142;ERH;01.04.2016
7000143;ERH;01.04.2016
7000144;ERH;01.04.2016
7000145;ERH;01.04.2016
7000151;ERH;01.04.2016
7000154;ERH;01.04.2016
7000156;ERH;01.04.2016
7000158;ERH;01.05.2016
7000159;ERH;01.05.2016
7000163;ERH;01.05.2016
7000164;ERH;01.05.2016
7000167;RED;01.05.2016
7000168;PEX;01.05.2016
7000170;ERH;01.05.2016
7000173;ERH;01.05.2016
7000174;RED;01.05.2016
7000175;ERH;01.05.2016
7000176;ERH;01.05.2016
7000178;ERH;01.05.2016
7000180;ERH;01.05.2016
7000182;ERH;01.05.2016
7000183;ERH;01.05.2016
7000185;ERH;01.05.2016
7000186;ERH;01.05.2016
7000188;ERH;01.05.2016
7000190;ERH;01.05.2016
7000195;ERH;01.05.2016
7000198;ERH;01.05.2016
7000205;ERH;01.06.2016
7000208;ERH;01.06.2016
7000209;ERH;01.06.2016
7000210;ERH;01.06.2016
7000212;ERH;01.06.2016
7000219;ERH;01.06.2016
7000220;ERH;01.06.2016
7000228;ERH;01.06.2016
7000229;ERH;01.06.2016
7000232;ERH;01.06.2016
7000234;ERH;01.06.2016
7000235;ERH;01.06.2016
7000244;ERH;01.07.2016
7000253;ERH;01.07.2016
7000259;ERH;01.07.2016
7000264;ERH;01.07.2016
7000266;ERH;01.07.2016
7000268;ERH;01.07.2016
7000273;RED;01.07.2016
7000286;ERH;01.08.2016
7000288;ERH;01.08.2016
7000290;ERH;01.08.2016
7000297;ERH;01.08.2016
7000302;ERH;01.08.2016
7000305;ERH;01.08.2016
7000307;ERH;01.08.2016
7000310;ERH;01.08.2016
7000311;ERH;01.08.2016
7000312;ERH;01.08.2016
7000314;ERH;01.08.2016
7000319;ERH;01.08.2016
7000321;ERH;01.09.2016
7000323;ERH;01.09.2016
7000324;ERH;01.09.2016
7000325;ERH;01.09.2016
7000329;ERH;01.09.2016
7000331;ERH;01.09.2016
7000335;ERH;01.09.2016
7000336;RED;01.09.2016
7000341;ERH;01.09.2016
7000343;ERH;01.09.2016
7000345;ERH;01.09.2016
7000347;ERH;01.09.2016
7000349;ERH;01.09.2016
7000352;ERH;01.09.2016
7000353;ERH;01.09.2016
7000356;ERH;01.09.2016
7000357;ERH;01.09.2016
7000365;ERH;01.10.2016
7000367;ERH;01.10.2016
7000370;ERH;01.10.2016
7000372;PEX;01.10.2016
7000373;ERH;01.10.2016
7000374;ERH;01.10.2016
7000375;ERH;01.10.2016
7000379;PEX;01.10.2016
7000380;ERH;01.10.2016
7000389;ERH;01.10.2016
7000390;PEX;01.10.2016
7000394;ERH;01.10.2016
7000396;ERH;01.10.2016
7000398;ERH;01.10.2016
7000399;ERH;01.10.2016
7000401;ERH;01.10.2016
7000402;ERH;01.10.2016
7000406;ERH;01.10.2016
7000410;ERH;01.10.2016
7000415;ERH;01.10.2016
7000421;ERH;01.11.2016
7000423;ERH;01.11.2016
7000425;ERH;01.11.2016
7000428;ERH;01.11.2016
7000429;ERH;01.11.2016
7000430;ERH;01.11.2016
7000431;ERH;01.11.2016
7000432;ERH;01.11.2016
7000436;PEX;01.11.2016
7000439;ERH;01.11.2016
7000440;ERH;01.11.2016
7000442;PEX;01.11.2016
7000446;ERH;01.11.2016
7000449;ERH;01.11.2016
7000453;ERH;01.12.2016
7000455;PEX;01.12.2016
7000458;ERH;01.12.2016
7000459;ERH;01.12.2016
7000468;ERH;01.12.2016
7000469;PEX;01.12.2016
7000470;ERH;01.12.2016
7000474;ERH;01.12.2016
7000484;ERH;01.12.2016
7000485;ERH;01.12.2016
7000489;ERH;01.12.2016
7000494;ERH;01.12.2016
7000497;ERH;01.12.2016
7000498;ERH;01.12.2016
7000003;ERH;01.01.2017
7000004;ERH;01.01.2017
7000006;ERH;01.01.2017
7000008;ERH;01.01.2017
7000013;ERH;01.01.2017
7000020;ERH;01.01.2017
7000022;ERH;01.01.2017
7000023;ERH;01.01.2017
7000027;ERH;01.01.2017
7000030;ERH;01.01.2017
7000033;ERH;01.01.2017
7000034;ERH;01.01.2017
7000035;ERH;01.01.2017
7000037;ERH;01.01.2017
7000042;ERH;01.02.2017
7000049;ERH;01.02.2017
7000055;ERH;01.02.2017
7000060;ERH;01.02.2017
7000061;ERH;01.02.2017
7000075;ERH;01.02.2017
7000079;ERH;01.02.2017
7000080;ERH;01.03.2017
7000081;ERH;01.03.2017
7000083;ERH;01.03.2017
7000084;ERH;01.03.2017
7000086;ERH;01.03.2017
7000089;PEX;01.03.2017
7000097;ERH;01.03.2017
7000098;ERH;01.03.2017
7000100;ERH;01.03.2017
7000102;ERH;01.03.2017
7000105;ERH;01.03.2017
7000106;ERH;01.03.2017
7000107;ERH;01.03.2017
7000111;ERH;01.03.2017
7000112;ERH;01.03.2017
7000116;ERH;01.04.2017
7000118;ERH;01.04.2017
7000121;ERH;01.04.2017
7000124;ERH;01.04.2017
7000125;ERH;01.04.2017
7000130;ERH;01.04.2017
7000138;ERH;01.04.2017
7000139;ERH;01.04.2017
7000140;ERH;01.04.2017
7000143;ERH;01.04.2017
7000144;ERH;01.04.2017
7000145;ERH;01.04.2017
7000150;ERH;01.04.2017
7000154;ERH;01.04.2017
7000156;ERH;01.04.2017
7000159;ERH;01.05.2017
7000163;ERH;01.05.2017
7000164;ERH;01.05.2017
7000165;ERH;01.05.2017
7000170;PEX;01.05.2017
7000173;ERH;01.05.2017
7000174;ERH;01.05.2017
7000175;ERH;01.05.2017
7000180;PEX;01.05.2017
7000182;ERH;01.05.2017
7000186;ERH;01.05.2017
7000188;ERH;01.05.2017
7000189;ERH;01.05.2017
7000194;ERH;01.05.2017
7000195;ERH;01.05.2017
7000198;ERH;01.05.2017
7000201;ERH;01.06.2017
7000204;ERH;01.06.2017
7000205;ERH;01.06.2017
7000206;ERH;01.06.2017
7000207;ERH;01.06.2017
7000208;ERH;01.06.2017
7000209;ERH;01.06.2017
7000210;ERH;01.06.2017
7000212;ERH;01.06.2017
7000220;ERH;01.06.2017
7000222;PEX;01.06.2017
7000224;ERH;01.06.2017
7000225;PEX;01.06.2017
7000228;ERH;01.06.2017
7000229;ERH;01.06.2017
7000235;ERH;01.06.2017
7000242;ERH;01.06.2017
7000244;ERH;01.07.2017
7000245;ERH;01.07.2017
7000248;ERH;01.07.2017
7000253;ERH;01.07.2017
7000258;ERH;01.07.2017
7000259;ERH;01.07.2017
7000264;ERH;01.07.2017
7000266;ERH;01.07.2017
7000270;ERH;01.07.2017
7000277;ERH;01.08.2017
7000278;ERH;01.08.2017
7000283;ERH;01.08.2017
7000286;ERH;01.08.2017
7000287;ERH;01.08.2017
7000288;ERH;01.08.2017
7000290;ERH;01.08.2017
7000297;ERH;01.08.2017
7000302;ERH;01.08.2017
7000304;ERH;01.08.2017
7000305;ERH;01.08.2017
7000307;ERH;01.08.2017
7000311;ERH;01.08.2017
7000312;ERH;01.08.2017
7000315;ERH;01.08.2017
7000319;ERH;01.08.2017
7000321;ERH;01.09.2017
7000323;ERH;01.09.2017
7000325;ERH;01.09.2017
7000326;PEX;01.09.2017
7000328;ERH;01.09.2017
7000329;ERH;01.09.2017
7000334;PEX;01.09.2017
7000341;ERH;01.09.2017
7000342;ERH;01.09.2017
7000343;ERH;01.09.2017
7000347;ERH;01.09.2017
7000348;ERH;01.09.2017
7000349;ERH;01.09.2017
7000352;ERH;01.09.2017
7000353;ERH;01.09.2017
7000355;ERH;01.09.2017
7000356;ERH;01.09.2017
7000357;ERH;01.09.2017
7000365;ERH;01.10.2017
7000367;ERH;01.10.2017
7000368;ERH;01.10.2017
7000370;ERH;01.10.2017
7000373;ERH;01.10.2017
7000374;ERH;01.10.2017
7000377;ERH;01.10.2017
7000380;ERH;01.10.2017
7000389;ERH;01.10.2017
7000392;PEX;01.10.2017
7000394;ERH;01.10.2017
7000396;ERH;01.10.2017
7000398;ERH;01.10.2017
7000401;ERH;01.10.2017
7000402;ERH;01.10.2017
7000403;ERH;01.10.2017
7000405;ERH;01.10.2017
7000415;ERH;01.10.2017
7000421;ERH;01.11.2017
7000423;ERH;01.11.2017
7000425;ERH;01.11.2017
7000427;ERH;01.11.2017
7000429;PEX;01.11.2017
7000430;ERH;01.11.2017
7000431;ERH;01.11.2017
7000435;PEX;01.11.2017
7000439;ERH;01.11.2017
7000440;ERH;01.11.2017
7000446;ERH;01.11.2017
7000450;ERH;01.12.2017
7000453;ERH;01.12.2017
7000458;ERH;01.12.2017
7000466;ERH;01.12.2017
7000468;ERH;01.12.2017
7000470;ERH;01.12.2017
7000472;ERH;01.12.2017
7000473;PEX;01.12.2017
7000474;ERH;01.12.2017
7000484;ERH;01.12.2017
7000485;ERH;01.12.2017
7000489;ERH;01.12.2017
7000493;ERH;01.12.2017
7000494;ERH;01.12.2017
7000497;ERH;01.12.2017
7000498;ERH;01.12.2017
7000503;ERH;01.01.2017
7000507;ERH;01.01.2017
7000508;ERH;01.01.2017
7000509;ERH;01.01.2017
7000512;ERH;01.01.2017
7000513;ERH;01.01.2017
7000515;ERH;01.01.2017
7000516;ERH;01.01.2017
7000521;ERH;01.01.2017
7000524;ERH;01.01.2017
7000533;ERH;01.01.2017
7000536;ERH;01.01.2017
7000538;ERH;01.02.2017
7000539;ERH;01.02.2017
7000541;ERH;01.02.2017
7000544;ERH;01.02.2017
7000550;ERH;01.02.2017
7000551;ERH;01.02.2017
7000552;ERH;01.02.2017
7000553;ERH;01.02.2017
7000554;ERH;01.02.2017
7000555;ERH;01.02.2017
7000557;ERH;01.02.2017
7000558;ERH;01.02.2017
7000559;ERH;01.02.2017
7000561;ERH;01.02.2017
7000562;ERH;01.02.2017
7000563;ERH;01.02.2017
7000565;ERH;01.02.2017
7000569;RED;01.02.2017
7000574;PEX;01.02.2017
7000575;ERH;01.03.2017
7000578;ERH;01.03.2017
7000582;ERH;01.03.2017
7000585;ERH;01.03.2017
7000586;ERH;01.03.2017
7000588;ERH;01.03.2017
7000592;ERH;01.03.2017
7000593;ERH;01.03.2017
7000596;ERH;01.03.2017
7000598;ERH;01.03.2017
7000600;ERH;01.03.2017
7000603;ERH;01.03.2017
7000610;ERH;01.03.2017
7000611;ERH;01.03.2017
7000614;PEX;01.03.2017
7000615;ERH;01.03.2017
7000618;ERH;01.03.2017
7000623;ERH;01.04.2017
7000626;ERH;01.04.2017
7000627;RED;01.04.2017
7000635;ERH;01.04.2017
7000637;ERH;01.04.2017
7000640;ERH;01.04.2017
7000641;ERH;01.04.2017
7000646;ERH;01.04.2017
7000649;ERH;01.04.2017
7000651;ERH;01.04.2017
7000652;PEX;01.04.2017
7000657;ERH;01.04.2017
7000662;ERH;01.04.2017
7000663;ERH;01.04.2017
7000669;ERH;01.05.2017
7000673;ERH;01.05.2017
7000674;ERH;01.05.2017
7000675;ERH;01.05.2017
7000676;ERH;01.05.2017
7000678;ERH;01.05.2017
7000679;ERH;01.05.2017
7000686;ERH;01.05.2017
7000687;ERH;01.05.2017
7000689;ERH;01.05.2017
7000691;ERH;01.05.2017
7000693;ERH;01.05.2017
7000695;ERH;01.05.2017
7000696;ERH;01.05.2017
7000700;ERH;01.06.2017
7000702;ERH;01.06.2017
7000704;ERH;01.06.2017
7000706;ERH;01.06.2017
7000708;ERH;01.06.2017
7000712;ERH;01.06.2017
7000715;PEX;01.06.2017
7000717;ERH;01.06.2017
7000720;ERH;01.06.2017
7000722;RED;01.06.2017
7000723;PEX;01.06.2017
7000725;ERH;01.06.2017
7000733;ERH;01.06.2017
7000734;ERH;01.06.2017
7000735;ERH;01.06.2017
7000736;PEX;01.07.2017
7000738;ERH;01.07.2017
7000742;PEX;01.07.2017
7000744;ERH;01.07.2017
7000750;ERH;01.07.2017
7000752;ERH;01.07.2017
7000753;ERH;01.07.2017
7000754;ERH;01.07.2017
7000755;ERH;01.07.2017
7000763;ERH;01.07.2017
7000764;ERH;01.07.2017
7000767;ERH;01.07.2017
7000770;ERH;01.07.2017
7000771;ERH;01.07.2017
7000772;ERH;01.07.2017
7000774;PEX;01.07.2017
7000775;ERH;01.07.2017
7000779;ERH;01.08.2017
7000784;ERH;01.08.2017
7000786;ERH;01.08.2017
7000788;ERH;01.08.2017
7000795;ERH;01.08.2017
7000802;ERH;01.08.2017
7000804;ERH;01.08.2017
7000808;ERH;01.08.2017
7000810;ERH;01.08.2017
7000811;ERH;01.08.2017
7000814;ERH;01.08.2017
7000817;ERH;01.09.2017
7000820;ERH;01.09.2017
7000821;ERH;01.09.2017
7000824;ERH;01.09.2017
7000826;ERH;01.09.2017
7000830;ERH;01.09.2017
7000834;ERH;01.09.2017
7000836;ERH;01.09.2017
7000838;ERH;01.09.2017
7000842;ERH;01.09.2017
7000845;ERH;01.09.2017
7000846;ERH;01.09.2017
7000850;ERH;01.09.2017
7000852;ERH;01.09.2017
7000856;ERH;01.09.2017
7000857;ERH;01.09.2017
7000863;RED;01.09.2017
7000864;ERH;01.09.2017
7000869;RED;01.09.2017
7000881;ERH;01.10.2017
7000883;ERH;01.10.2017
7000884;ERH;01.10.2017
7000885;ERH;01.10.2017
7000891;ERH;01.10.2017
7000900;ERH;01.10.2017
7000902;ERH;01.10.2017
7000905;ERH;01.10.2017
7000906;ERH;01.10.2017
7000911;ERH;01.10.2017
7000917;ERH;01.11.2017
7000923;ERH;01.11.2017
7000926;ERH;01.11.2017
7000934;ERH;01.11.2017
7000952;ERH;01.11.2017
7000953;PEX;01.11.2017
7000956;PEX;01.11.2017
7000962;ERH;01.12.2017
7000964;ERH;01.12.2017
7000965;ERH;01.12.2017
7000969;PEX;01.12.2017
7000973;ERH;01.12.2017
7000977;ERH;01.12.2017
7000979;ERH;01.12.2017
7000980;ERH;01.12.2017
7000984;ERH;01.12.2017
7000985;ERH;01.12.2017
7000986;PEX;01.12.2017
7000987;ERH;01.12.2017
7000988;ERH;01.12.2017
7000990;ERH;01.12.2017
7000993;ERH;01.12.2017
7000996;ERH;01.12.2017
7000998;ERH;01.12.2017
7001002;ERH;01.12.2017
7000004;ERH;01.01.2018
7000006;ERH;01.01.2018
7000008;ERH;01.01.2018
7000010;ERH;01.01.2018
7000013;ERH;01.01.2018
7000018;ERH;01.01.2018
7000020;ERH;01.01.2018
7000022;ERH;01.01.2018
7000027;ERH;01.01.2018
7000031;ERH;01.01.2018
7000035;ERH;01.01.2018
7000036;ERH;01.01.2018
7000037;ERH;01.01.2018
7000041;ERH;01.02.2018
7000042;ERH;01.02.2018
7000049;ERH;01.02.2018
7000050;ERH;01.02.2018
7000054;ERH;01.02.2018
7000055;ERH;01.02.2018
7000057;ERH;01.02.2018
7000060;ERH;01.02.2018
7000061;ERH;01.02.2018
7000063;ERH;01.02.2018
7000068;ERH;01.02.2018
7000069;RED;01.02.2018
7000073;ERH;01.02.2018
7000075;ERH;01.02.2018
7000078;ERH;01.02.2018
7000080;ERH;01.03.2018
7000081;ERH;01.03.2018
7000083;PEX;01.03.2018
7000086;ERH;01.03.2018
7000088;PEX;01.03.2018
7000097;ERH;01.03.2018
7000102;ERH;01.03.2018
7000105;ERH;01.03.2018
7000106;ERH;01.03.2018
7000107;ERH;01.03.2018
7000111;ERH;01.03.2018
7000118;ERH;01.04.2018
7000121;ERH;01.04.2018
7000127;ERH;01.04.2018
7000130;ERH;01.04.2018
7000138;ERH;01.04.2018
7000139;ERH;01.04.2018
7000141;ERH;01.04.2018
7000142;ERH;01.04.2018
7000143;ERH;01.04.2018
7000144;ERH;01.04.2018
7000145;ERH;01.04.2018
7000146;ERH;01.04.2018
7000151;ERH;01.04.2018
7000156;ERH;01.04.2018
7000159;ERH;01.05.2018
7000163;ERH;01.05.2018
7000164;ERH;01.05.2018
7000165;ERH;01.05.2018
7000166;ERH;01.05.2018
7000172;ERH;01.05.2018
7000173;ERH;01.05.2018
7000175;ERH;01.05.2018
7000176;ERH;01.05.2018
7000185;PEX;01.05.2018
7000188;ERH;01.05.2018
7000189;ERH;01.05.2018
7000190;ERH;01.05.2018
7000194;ERH;01.05.2018
7000195;ERH;01.05.2018
7000198;ERH;01.05.2018
7000201;ERH;01.06.2018
7000202;PEX;01.06.2018
7000204;ERH;01.06.2018
7000208;ERH;01.06.2018
7000210;ERH;01.06.2018
7000212;ERH;01.06.2018
7000218;ERH;01.06.2018
7000224;ERH;01.06.2018
7000232;ERH;01.06.2018
7000235;ERH;01.06.2018
7000240;ERH;01.06.2018
7000244;ERH;01.07.2018
7000247;ERH;01.07.2018
7000248;ERH;01.07.2018
7000249;RED;01.07.2018
7000253;ERH;01.07.2018
7000259;ERH;01.07.2018
7000261;ERH;01.07.2018
7000270;ERH;01.07.2018
7000278;ERH;01.08.2018
7000281;ERH;01.08.2018
7000283;ERH;01.08.2018
7000287;ERH;01.08.2018
7000290;ERH;01.08.2018
7000292;RED;01.08.2018
7000297;ERH;01.08.2018
7000300;RED;01.08.2018
7000304;ERH;01.08.2018
7000305;ERH;01.08.2018
7000307;ERH;01.08.2018
7000311;ERH;01.08.2018
7000312;ERH;01.08.2018
7000314;ERH;01.08.2018
7000315;PEX;01.08.2018
7000319;ERH;01.08.2018
7000321;ERH;01.09.2018
7000323;ERH;01.09.2018
7000325;ERH;01.09.2018
7000328;ERH;01.09.2018
7000329;ERH;01.09.2018
7000335;ERH;01.09.2018
7000336;ERH;01.09.2018
7000342;ERH;01.09.2018
7000345;ERH;01.09.2018
7000347;ERH;01.09.2018
7000348;ERH;01.09.2018
7000349;ERH;01.09.2018
7000351;ERH;01.09.2018
7000353;ERH;01.09.2018
7000355;ERH;01.09.2018
7000356;ERH;01.09.2018
7000359;RED;01.09.2018
7000365;ERH;01.10.2018
7000367;ERH;01.10.2018
7000368;ERH;01.10.2018
7000374;ERH;01.10.2018
7000377;ERH;01.10.2018
7000388;ERH;01.10.2018
7000396;ERH;01.10.2018
7000398;ERH;01.10.2018
7000399;ERH;01.10.2018
7000402;PEX;01.10.2018
7000404;ERH;01.10.2018
7000405;ERH;01.10.2018
7000415;ERH;01.10.2018
7000417;ERH;01.11.2018
7000423;ERH;01.11.2018
7000425;ERH;01.11.2018
7000427;ERH;01.11.2018
7000428;ERH;01.11.2018
7000430;ERH;01.11.2018
7000432;ERH;01.11.2018
7000437;ERH;01.11.2018
7000439;ERH;01.11.2018
7000440;ERH;01.11.2018
7000444;ERH;01.11.2018
7000446;ERH;01.11.2018
7000449;ERH;01.11.2018
7000450;ERH;01.12.2018
7000453;ERH;01.12.2018
7000457;ERH;01.12.2018
7000458;PEX;01.12.2018
7000466;ERH;01.12.2018
7000468;ERH;01.12.2018
7000472;ERH;01.12.2018
7000474;ERH;01.12.2018
7000479;ERH;01.12.2018
7000484;ERH;01.12.2018
7000485;ERH;01.12.2018
7000489;ERH;01.12.2018
7000495;PEX;01.12.2018
7000498;ERH;01.12.2018
7000503;ERH;01.01.2018
7000508;ERH;01.01.2018
7000509;ERH;01.01.2018
7000512;ERH;01.01.2018
7000513;ERH;01.01.2018
7000515;RED;01.01.2018
7000516;ERH;01.01.2018
7000519;ERH;01.01.2018
7000521;ERH;01.01.2018
7000522;PEX;01.01.2018
7000523;ERH;01.01.2018
7000524;ERH;01.01.2018
7000532;ERH;01.01.2018
7000533;RED;01.01.2018
7000536;ERH;01.01.2018
7000537;ERH;01.02.2018
7000538;ERH;01.02.2018
7000539;RED;01.02.2018
7000541;ERH;01.02.2018
7000548;ERH;01.02.2018
7000550;ERH;01.02.2018
7000551;PEX;01.02.2018
7000552;ERH;01.02.2018
7000553;ERH;01.02.2018
7000554;ERH;01.02.2018
7000555;ERH;01.02.2018
7000557;ERH;01.02.2018
7000558;ERH;01.02.2018
7000559;ERH;01.02.2018
7000561;ERH;01.02.2018
7000563;ERH;01.02.2018
7000565;ERH;01.02.2018
7000571;PEX;01.02.2018
7000575;ERH;01.03.2018
7000577;ERH;01.03.2018
7000579;ERH;01.03.2018
7000580;RED;01.03.2018
7000581;ERH;01.03.2018
7000583;ERH;01.03.2018
7000586;ERH;01.03.2018
7000588;ERH;01.03.2018
7000592;ERH;01.03.2018
7000593;ERH;01.03.2018
7000596;ERH;01.03.2018
7000598;ERH;01.03.2018
7000603;ERH;01.03.2018
7000609;ERH;01.03.2018
7000610;ERH;01.03.2018
7000613;ERH;01.03.2018
7000615;ERH;01.03.2018
7000618;ERH;01.03.2018
7000623;ERH;01.04.2018
7000626;ERH;01.04.2018
7000631;ERH;01.04.2018
7000635;ERH;01.04.2018
7000637;ERH;01.04.2018
7000641;ERH;01.04.2018
7000646;ERH;01.04.2018
7000649;ERH;01.04.2018
7000650;ERH;01.04.2018
7000651;ERH;01.04.2018
7000656;ERH;01.04.2018
7000657;ERH;01.04.2018
7000662;ERH;01.04.2018
7000663;ERH;01.04.2018
7000674;ERH;01.05.2018
7000676;ERH;01.05.2018
7000679;ERH;01.05.2018
7000686;ERH;01.05.2018
7000687;ERH;01.05.2018
7000690;ERH;01.05.2018
7000693;ERH;01.05.2018
7000695;ERH;01.05.2018
7000698;ERH;01.06.2018
7000702;ERH;01.06.2018
7000704;ERH;01.06.2018
7000706;ERH;01.06.2018
7000708;ERH;01.06.2018
7000717;ERH;01.06.2018
7000720;ERH;01.06.2018
7000722;ERH;01.06.2018
7000725;ERH;01.06.2018
7000730;ERH;01.06.2018
7000733;ERH;01.06.2018
7000734;ERH;01.06.2018
7000744;ERH;01.07.2018
7000745;ERH;01.07.2018
7000750;ERH;01.07.2018
7000753;ERH;01.07.2018
7000754;ERH;01.07.2018
7000763;ERH;01.07.2018
7000764;ERH;01.07.2018
7000766;RED;01.07.2018
7000767;ERH;01.07.2018
7000769;ERH;01.07.2018
7000770;ERH;01.07.2018
7000771;ERH;01.07.2018
7000772;ERH;01.07.2018
7000775;ERH;01.07.2018
7000776;PEX;01.08.2018
7000783;ERH;01.08.2018
7000785;ERH;01.08.2018
7000786;ERH;01.08.2018
7000788;ERH;01.08.2018
7000791;ERH;01.08.2018
7000794;ERH;01.08.2018
7000795;ERH;01.08.2018
7000797;ERH;01.08.2018
7000802;ERH;01.08.2018
7000804;ERH;01.08.2018
7000807;ERH;01.08.2018
7000808;ERH;01.08.2018
7000810;ERH;01.08.2018
7000811;ERH;01.08.2018
7000813;ERH;01.08.2018
7000817;ERH;01.09.2018
7000818;ERH;01.09.2018
7000820;ERH;01.09.2018
7000821;ERH;01.09.2018
7000824;ERH;01.09.2018
7000825;ERH;01.09.2018
7000826;ERH;01.09.2018
7000828;ERH;01.09.2018
7000829;ERH;01.09.2018
7000830;ERH;01.09.2018
7000832;ERH;01.09.2018
7000834;ERH;01.09.2018
7000836;ERH;01.09.2018
7000837;ERH;01.09.2018
7000839;ERH;01.09.2018
7000842;ERH;01.09.2018
7000844;ERH;01.09.2018
7000845;ERH;01.09.2018
7000850;ERH;01.09.2018
7000852;ERH;01.09.2018
7000856;ERH;01.09.2018
7000857;ERH;01.09.2018
7000859;ERH;01.09.2018
7000863;ERH;01.09.2018
7000864;ERH;01.09.2018
7000881;ERH;01.10.2018
7000883;ERH;01.10.2018
7000884;ERH;01.10.2018
7000885;ERH;01.10.2018
7000888;ERH;01.10.2018
7000889;ERH;01.10.2018
7000891;ERH;01.10.2018
7000899;ERH;01.10.2018
7000900;ERH;01.10.2018
7000902;ERH;01.10.2018
7000906;PEX;01.10.2018
7000910;RED;01.10.2018
7000911;ERH;01.10.2018
7000917;ERH;01.11.2018
7000923;RED;01.11.2018
7000926;ERH;01.11.2018
7000930;ERH;01.11.2018
7000931;ERH;01.11.2018
7000934;ERH;01.11.2018
7000936;ERH;01.11.2018
7000940;ERH;01.11.2018
7000941;PEX;01.11.2018
7000945;ERH;01.11.2018
7000948;PEX;01.11.2018
7000952;ERH;01.11.2018
7000955;ERH;01.11.2018
7000958;ERH;01.11.2018
7000961;PEX;01.12.2018
7000962;ERH;01.12.2018
7000964;ERH;01.12.2018
7000965;ERH;01.12.2018
7000973;ERH;01.12.2018
7000977;ERH;01.12.2018
7000984;ERH;01.12.2018
7000988;ERH;01.12.2018
7000990;ERH;01.12.2018
7000993;ERH;01.12.2018
7000994;ERH;01.12.2018
7000995;ERH;01.12.2018
7000005;ERH;01.01.2019
7000008;ERH;01.01.2019
7000010;ERH;01.01.2019
7000013;ERH;01.01.2019
7000017;PEX;01.01.2019
7000018;ERH;01.01.2019
7000023;ERH;01.01.2019
7000030;ERH;01.01.2019
7000031;ERH;01.01.2019
7000033;ERH;01.01.2019
7000034;ERH;01.01.2019
7000035;ERH;01.01.2019
7000037;ERH;01.01.2019
7000041;ERH;01.02.2019
7000042;ERH;01.02.2019
7000050;ERH;01.02.2019
7000053;ERH;01.02.2019
7000054;ERH;01.02.2019
7000055;ERH;01.02.2019
7000060;ERH;01.02.2019
7000061;ERH;01.02.2019
7000063;ERH;01.02.2019
7000075;ERH;01.02.2019
7000079;PEX;01.02.2019
7000080;ERH;01.03.2019
7000081;ERH;01.03.2019
7000086;ERH;01.03.2019
7000093;PEX;01.03.2019
7000096;ERH;01.03.2019
7000098;ERH;01.03.2019
7000099;ERH;01.03.2019
7000100;ERH;01.03.2019
7000102;ERH;01.03.2019
7000105;ERH;01.03.2019
7000106;PEX;01.03.2019
7000112;ERH;01.03.2019
7000121;ERH;01.04.2019
7000122;ERH;01.04.2019
7000125;ERH;01.04.2019
7000130;ERH;01.04.2019
7000133;PEX;01.04.2019
7000138;ERH;01.04.2019
7000139;ERH;01.04.2019
7000142;ERH;01.04.2019
7000143;ERH;01.04.2019
7000144;ERH;01.04.2019
7000145;ERH;01.04.2019
7000146;ERH;01.04.2019
7000150;ERH;01.04.2019
7000151;ERH;01.04.2019
7000154;ERH;01.04.2019
7000155;PEX;01.04.2019
7000156;ERH;01.04.2019
7000158;ERH;01.05.2019
7000159;ERH;01.05.2019
7000165;ERH;01.05.2019
7000166;ERH;01.05.2019
7000172;ERH;01.05.2019
7000173;ERH;01.05.2019
7000174;ERH;01.05.2019
7000175;ERH;01.05.2019
7000178;ERH;01.05.2019
7000182;ERH;01.05.2019
7000183;ERH;01.05.2019
7000186;ERH;01.05.2019
7000189;ERH;01.05.2019
7000190;ERH;01.05.2019
7000194;ERH;01.05.2019
7000195;ERH;01.05.2019
7000204;ERH;01.06.2019
7000206;ERH;01.06.2019
7000209;ERH;01.06.2019
7000218;ERH;01.06.2019
7000219;ERH;01.06.2019
7000220;ERH;01.06.2019
7000224;ERH;01.06.2019
7000228;ERH;01.06.2019
7000234;ERH;01.06.2019
7000235;ERH;01.06.2019
7000245;ERH;01.07.2019
7000247;ERH;01.07.2019
7000248;ERH;01.07.2019
7000253;ERH;01.07.2019
7000259;ERH;01.07.2019
7000261;ERH;01.07.2019
7000264;ERH;01.07.2019
7000268;ERH;01.07.2019
7000270;ERH;01.07.2019
7000277;ERH;01.08.2019
7000281;ERH;01.08.2019
7000286;ERH;01.08.2019
7000287;ERH;01.08.2019
7000296;PEX;01.08.2019
7000300;ERH;01.08.2019
7000302;ERH;01.08.2019
7000304;RED;01.08.2019
7000307;ERH;01.08.2019
7000310;ERH;01.08.2019
7000311;ERH;01.08.2019
7000314;ERH;01.08.2019
7000319;ERH;01.08.2019
7000321;ERH;01.09.2019
7000323;ERH;01.09.2019
7000329;ERH;01.09.2019
7000331;ERH;01.09.2019
7000336;ERH;01.09.2019
7000342;ERH;01.09.2019
7000343;ERH;01.09.2019
7000349;ERH;01.09.2019
7000352;ERH;01.09.2019
7000353;ERH;01.09.2019
7000355;ERH;01.09.2019
7000356;ERH;01.09.2019
7000365;ERH;01.10.2019
7000367;ERH;01.10.2019
7000368;ERH;01.10.2019
7000371;RED;01.10.2019
7000374;ERH;01.10.2019
7000375;ERH;01.10.2019
7000377;ERH;01.10.2019
7000380;ERH;01.10.2019
7000388;ERH;01.10.2019
7000394;ERH;01.10.2019
7000396;RED;01.10.2019
7000401;ERH;01.10.2019
7000405;ERH;01.10.2019
7000406;ERH;01.10.2019
7000410;ERH;01.10.2019
7000421;ERH;01.11.2019
7000427;ERH;01.11.2019
7000428;ERH;01.11.2019
7000430;ERH;01.11.2019
7000431;ERH;01.11.2019
7000432;ERH;01.11.2019
7000437;ERH;01.11.2019
7000439;ERH;01.11.2019
7000440;ERH;01.11.2019
7000446;ERH;01.11.2019
7000449;ERH;01.11.2019
7000453;ERH;01.12.2019
7000457;ERH;01.12.2019
7000468;ERH;01.12.2019
7000470;ERH;01.12.2019
7000472;ERH;01.12.2019
7000479;ERH;01.12.2019
7000484;ERH;01.12.2019
7000485;ERH;01.12.2019
7000489;ERH;01.12.2019
7000494;ERH;01.12.2019
7000497;RED;01.12.2019
7000498;ERH;01.12.2019
7000503;ERH;01.01.2019
7000507;ERH;01.01.2019
7000508;ERH;01.01.2019
7000509;ERH;01.01.2019
7000512;ERH;01.01.2019
7000514;ERH;01.01.2019
7000515;ERH;01.01.2019
7000516;ERH;01.01.2019
7000524;ERH;01.01.2019
7000533;ERH;01.01.2019
7000538;ERH;01.02.2019
7000539;ERH;01.02.2019
7000544;ERH;01.02.2019
7000547;ERH;01.02.2019
7000548;ERH;01.02.2019
7000550;ERH;01.02.2019
7000552;ERH;01.02.2019
7000553;ERH;01.02.2019
7000554;ERH;01.02.2019
7000555;PEX;01.02.2019
7000556;PEX;01.02.2019
7000557;ERH;01.02.2019
7000558;ERH;01.02.2019
7000559;ERH;01.02.2019
7000561;ERH;01.02.2019
7000563;ERH;01.02.2019
7000565;ERH;01.02.2019
7000569;ERH;01.02.2019
7000575;ERH;01.03.2019
7000577;ERH;01.03.2019
7000581;ERH;01.03.2019
7000582;ERH;01.03.2019
7000585;ERH;01.03.2019
7000586;ERH;01.03.2019
7000588;ERH;01.03.2019
7000592;ERH;01.03.2019
7000593;ERH;01.03.2019
7000596;ERH;01.03.2019
7000598;ERH;01.03.2019
7000600;ERH;01.03.2019
7000603;ERH;01.03.2019
7000605;ERH;01.03.2019
7000606;ERH;01.03.2019
7000609;ERH;01.03.2019
7000610;ERH;01.03.2019
7000613;ERH;01.03.2019
7000615;ERH;01.03.2019
7000618;ERH;01.03.2019
7000623;ERH;01.04.2019
7000626;ERH;01.04.2019
7000628;ERH;01.04.2019
7000635;ERH;01.04.2019
7000637;ERH;01.04.2019
7000640;ERH;01.04.2019
7000641;ERH;01.04.2019
7000650;ERH;01.04.2019
7000651;ERH;01.04.2019
7000656;ERH;01.04.2019
7000657;ERH;01.04.2019
7000659;PEX;01.04.2019
7000663;ERH;01.04.2019
7000665;ERH;01.05.2019
7000669;ERH;01.05.2019
7000674;ERH;01.05.2019
7000675;ERH;01.05.2019
7000676;ERH;01.05.2019
7000686;ERH;01.05.2019
7000687;ERH;01.05.2019
7000690;ERH;01.05.2019
7000691;ERH;01.05.2019
7000696;ERH;01.05.2019
7000698;ERH;01.06.2019
7000700;ERH;01.06.2019
7000702;ERH;01.06.2019
7000704;ERH;01.06.2019
7000708;ERH;01.06.2019
7000712;ERH;01.06.2019
7000717;RED;01.06.2019
7000722;ERH;01.06.2019
7000725;ERH;01.06.2019
7000730;ERH;01.06.2019
7000732;RED;01.06.2019
7000734;ERH;01.06.2019
7000735;ERH;01.06.2019
7000738;ERH;01.07.2019
7000745;ERH;01.07.2019
7000750;ERH;01.07.2019
7000752;ERH;01.07.2019
7000753;ERH;01.07.2019
7000755;ERH;01.07.2019
7000763;ERH;01.07.2019
7000767;ERH;01.07.2019
7000769;ERH;01.07.2019
7000770;ERH;01.07.2019
7000775;ERH;01.07.2019
7000779;ERH;01.08.2019
7000783;ERH;01.08.2019
7000785;ERH;01.08.2019
7000788;ERH;01.08.2019
7000791;ERH;01.08.2019
7000793;ERH;01.08.2019
7000794;ERH;01.08.2019
7000795;ERH;01.08.2019
7000797;ERH;01.08.2019
7000802;ERH;01.08.2019
7000804;ERH;01.08.2019
7000807;ERH;01.08.2019
7000808;ERH;01.08.2019
7000810;PEX;01.08.2019
7000818;ERH;01.09.2019
7000821;ERH;01.09.2019
7000825;ERH;01.09.2019
7000828;ERH;01.09.2019
7000829;ERH;01.09.2019
7000834;ERH;01.09.2019
7000836;ERH;01.09.2019
7000838;ERH;01.09.2019
7000839;ERH;01.09.2019
7000845;ERH;01.09.2019
7000850;ERH;01.09.2019
7000853;ERH;01.09.2019
7000856;ERH;01.09.2019
7000857;ERH;01.09.2019
7000859;ERH;01.09.2019
7000864;ERH;01.09.2019
7000867;ERH;01.09.2019
7000874;ERH;01.10.2019
7000883;ERH;01.10.2019
7000884;ERH;01.10.2019
7000888;ERH;01.10.2019
7000889;ERH;01.10.2019
7000891;ERH;01.10.2019
7000897;RED;01.10.2019
7000900;PEX;01.10.2019
7000902;ERH;01.10.2019
7000905;ERH;01.10.2019
7000910;ERH;01.10.2019
7000912;ERH;01.10.2019
7000917;ERH;01.11.2019
7000921;ERH;01.11.2019
7000922;PEX;01.11.2019
7000926;ERH;01.11.2019
7000940;ERH;01.11.2019
7000945;ERH;01.11.2019
7000952;ERH;01.11.2019
7000955;ERH;01.11.2019
7000958;ERH;01.11.2019
7000959;PEX;01.11.2019
7000965;ERH;01.12.2019
7000973;ERH;01.12.2019
7000977;PEX;01.12.2019
7000979;ERH;01.12.2019
7000980;ERH;01.12.2019
7000985;ERH;01.12.2019
7000990;ERH;01.12.2019
7000991;ERH;01.12.2019
7000993;ERH;01.12.2019
7000994;ERH;01.12.2019
7000995;ERH;01.12.2019
7000996;ERH;01.12.2019
7001002;ERH;01.12.2019
7001003;ERH;01.12.2019
7000005;ERH;01.01.2020
7000006;ERH;01.01.2020
7000008;ERH;01.01.2020
7000010;ERH;01.01.2020
7000013;ERH;01.01.2020
7000018;ERH;01.01.2020
7000020;ERH;01.01.2020
7000027;ERH;01.01.2020
7000031;ERH;01.01.2020
7000033;ERH;01.01.2020
7000035;ERH;01.01.2020
7000036;ERH;01.01.2020
7000037;ERH;01.01.2020
7000042;ERH;01.02.2020
7000049;ERH;01.02.2020
7000050;ERH;01.02.2020
7000052;ERH;01.02.2020
7000054;ERH;01.02.2020
7000057;ERH;01.02.2020
7000060;ERH;01.02.2020
7000061;PEX;01.02.2020
7000063;ERH;01.02.2020
7000068;ERH;01.02.2020
7000073;ERH;01.02.2020
7000075;ERH;01.02.2020
7000080;ERH;01.03.2020
7000081;ERH;01.03.2020
7000084;ERH;01.03.2020
7000086;ERH;01.03.2020
7000096;ERH;01.03.2020
7000098;ERH;01.03.2020
7000099;ERH;01.03.2020
7000102;ERH;01.03.2020
7000105;ERH;01.03.2020
7000107;ERH;01.03.2020
7000112;ERH;01.03.2020
7000116;ERH;01.04.2020
7000117;PEX;01.04.2020
7000118;ERH;01.04.2020
7000121;ERH;01.04.2020
7000122;ERH;01.04.2020
7000124;ERH;01.04.2020
7000125;ERH;01.04.2020
7000126;PEX;01.04.2020
7000127;ERH;01.04.2020
7000138;ERH;01.04.2020
7000145;ERH;01.04.2020
7000146;ERH;01.04.2020
7000150;ERH;01.04.2020
7000154;ERH;01.04.2020
7000156;ERH;01.04.2020
7000158;ERH;01.05.2020
7000159;ERH;01.05.2020
7000163;ERH;01.05.2020
7000166;ERH;01.05.2020
7000172;ERH;01.05.2020
7000173;ERH;01.05.2020
7000174;ERH;01.05.2020
7000175;ERH;01.05.2020
7000176;ERH;01.05.2020
7000178;ERH;01.05.2020
7000186;ERH;01.05.2020
7000189;ERH;01.05.2020
7000190;PEX;01.05.2020
7000194;ERH;01.05.2020
7000195;ERH;01.05.2020
7000198;ERH;01.05.2020
7000201;ERH;01.06.2020
7000205;ERH;01.06.2020
7000206;ERH;01.06.2020
7000207;ERH;01.06.2020
7000208;ERH;01.06.2020
7000209;ERH;01.06.2020
7000212;ERH;01.06.2020
7000218;ERH;01.06.2020
7000220;ERH;01.06.2020
7000224;ERH;01.06.2020
7000228;ERH;01.06.2020
7000229;ERH;01.06.2020
7000230;PEX;01.06.2020
7000234;ERH;01.06.2020
7000244;ERH;01.07.2020
7000245;ERH;01.07.2020
7000247;ERH;01.07.2020
7000248;ERH;01.07.2020
7000253;ERH;01.07.2020
7000258;ERH;01.07.2020
7000259;ERH;01.07.2020
7000263;PEX;01.07.2020
7000264;ERH;01.07.2020
7000266;ERH;01.07.2020
7000268;ERH;01.07.2020
7000270;ERH;01.07.2020
7000277;ERH;01.08.2020
7000278;ERH;01.08.2020
7000282;PEX;01.08.2020
7000283;ERH;01.08.2020
7000286;ERH;01.08.2020
7000288;ERH;01.08.2020
7000290;ERH;01.08.2020
7000297;ERH;01.08.2020
7000300;PEX;01.08.2020
7000302;ERH;01.08.2020
7000304;ERH;01.08.2020
7000305;ERH;01.08.2020
7000310;ERH;01.08.2020
7000311;ERH;01.08.2020
7000312;ERH;01.08.2020
7000314;ERH;01.08.2020
7000319;ERH;01.08.2020
7000323;ERH;01.09.2020
7000328;ERH;01.09.2020
7000329;ERH;01.09.2020
7000331;PEX;01.09.2020
7000335;ERH;01.09.2020
7000336;ERH;01.09.2020
7000342;ERH;01.09.2020
7000345;ERH;01.09.2020
7000347;ERH;01.09.2020
7000348;ERH;01.09.2020
7000349;ERH;01.09.2020
7000350;PEX;01.09.2020
7000351;ERH;01.09.2020
7000352;ERH;01.09.2020
7000353;ERH;01.09.2020
7000357;ERH;01.09.2020
7000367;RED;01.10.2020
7000370;ERH;01.10.2020
7000374;ERH;01.10.2020
7000375;ERH;01.10.2020
7000380;ERH;01.10.2020
7000388;ERH;01.10.2020
7000394;ERH;01.10.2020
7000396;ERH;01.10.2020
7000401;ERH;01.10.2020
7000403;ERH;01.10.2020
7000405;ERH;01.10.2020
7000407;ERH;01.10.2020
7000409;PEX;01.10.2020
7000410;ERH;01.10.2020
7000415;ERH;01.10.2020
7000417;ERH;01.11.2020
7000421;ERH;01.11.2020
7000423;ERH;01.11.2020
7000425;ERH;01.11.2020
7000428;ERH;01.11.2020
7000431;ERH;01.11.2020
7000432;ERH;01.11.2020
7000434;PEX;01.11.2020
7000437;ERH;01.11.2020
7000439;ERH;01.11.2020
7000444;ERH;01.11.2020
7000446;ERH;01.11.2020
7000448;PEX;01.11.2020
7000449;ERH;01.11.2020
7000450;ERH;01.12.2020
7000452;RED;01.12.2020
7000453;ERH;01.12.2020
7000457;ERH;01.12.2020
7000471;RED;01.12.2020
7000472;ERH;01.12.2020
7000474;ERH;01.12.2020
7000479;PEX;01.12.2020
7000484;ERH;01.12.2020
7000485;ERH;01.12.2020
7000488;PEX;01.12.2020
7000493;ERH;01.12.2020
7000494;ERH;01.12.2020
7000498;ERH;01.12.2020
7000505;ERH;01.01.2020
7000509;ERH;01.01.2020
7000512;ERH;01.01.2020
7000513;PEX;01.01.2020
7000514;PEX;01.01.2020
7000515;ERH;01.01.2020
7000521;ERH;01.01.2020
7000523;RED;01.01.2020
7000524;ERH;01.01.2020
7000532;ERH;01.01.2020
7000533;ERH;01.01.2020
7000537;ERH;01.02.2020
7000538;ERH;01.02.2020
7000539;ERH;01.02.2020
7000540;PEX;01.02.2020
7000541;PEX;01.02.2020
7000544;ERH;01.02.2020
7000547;ERH;01.02.2020
7000552;ERH;01.02.2020
7000553;ERH;01.02.2020
7000557;ERH;01.02.2020
7000558;ERH;01.02.2020
7000559;ERH;01.02.2020
7000561;ERH;01.02.2020
7000562;ERH;01.02.2020
7000565;ERH;01.02.2020
7000569;ERH;01.02.2020
7000573;RED;01.02.2020
7000575;ERH;01.03.2020
7000577;ERH;01.03.2020
7000578;ERH;01.03.2020
7000579;ERH;01.03.2020
7000581;ERH;01.03.2020
7000582;ERH;01.03.2020
7000583;ERH;01.03.2020
7000585;ERH;01.03.2020
7000586;ERH;01.03.2020
7000592;ERH;01.03.2020
7000593;ERH;01.03.2020
7000598;ERH;01.03.2020
7000603;ERH;01.03.2020
7000609;ERH;01.03.2020
7000610;ERH;01.03.2020
7000611;ERH;01.03.2020
7000613;ERH;01.03.2020
7000615;ERH;01.03.2020
7000623;ERH;01.04.2020
7000626;ERH;01.04.2020
7000628;ERH;01.04.2020
7000635;PEX;01.04.2020
7000637;ERH;01.04.2020
7000640;ERH;01.04.2020
7000645;RED;01.04.2020
7000649;ERH;01.04.2020
7000650;ERH;01.04.2020
7000651;ERH;01.04.2020
7000657;ERH;01.04.2020
7000662;ERH;01.04.2020
7000665;ERH;01.05.2020
7000673;ERH;01.05.2020
7000674;ERH;01.05.2020
7000675;ERH;01.05.2020
7000676;ERH;01.05.2020
7000679;ERH;01.05.2020
7000686;ERH;01.05.2020
7000687;ERH;01.05.2020
7000690;RED;01.05.2020
7000691;ERH;01.05.2020
7000695;ERH;01.05.2020
7000700;ERH;01.06.2020
7000702;ERH;01.06.2020
7000708;ERH;01.06.2020
7000712;ERH;01.06.2020
7000720;ERH;01.06.2020
7000725;ERH;01.06.2020
7000733;ERH;01.06.2020
7000734;ERH;01.06.2020
7000735;ERH;01.06.2020
7000744;ERH;01.07.2020
7000752;ERH;01.07.2020
7000754;ERH;01.07.2020
7000755;ERH;01.07.2020
7000761;PEX;01.07.2020
7000764;ERH;01.07.2020
7000767;ERH;01.07.2020
7000769;ERH;01.07.2020
7000771;ERH;01.07.2020
7000772;ERH;01.07.2020
7000779;ERH;01.08.2020
7000782;ERH;01.08.2020
7000784;ERH;01.08.2020
7000785;ERH;01.08.2020
7000786;ERH;01.08.2020
7000794;ERH;01.08.2020
7000795;ERH;01.08.2020
7000797;ERH;01.08.2020
7000802;ERH;01.08.2020
7000804;ERH;01.08.2020
7000806;PEX;01.08.2020
7000808;ERH;01.08.2020
7000811;ERH;01.08.2020
7000818;ERH;01.09.2020
7000821;ERH;01.09.2020
7000825;ERH;01.09.2020
7000826;ERH;01.09.2020
7000827;RED;01.09.2020
7000829;ERH;01.09.2020
7000830;ERH;01.09.2020
7000834;ERH;01.09.2020
7000837;ERH;01.09.2020
7000838;ERH;01.09.2020
7000842;ERH;01.09.2020
7000844;ERH;01.09.2020
7000845;ERH;01.09.2020
7000846;ERH;01.09.2020
7000850;ERH;01.09.2020
7000852;ERH;01.09.2020
7000853;ERH;01.09.2020
7000856;ERH;01.09.2020
7000859;PEX;01.09.2020
7000867;ERH;01.09.2020
7000874;ERH;01.10.2020
7000881;ERH;01.10.2020
7000883;ERH;01.10.2020
7000889;ERH;01.10.2020
7000891;PEX;01.10.2020
7000897;PEX;01.10.2020
7000902;ERH;01.10.2020
7000905;ERH;01.10.2020
7000910;ERH;01.10.2020
7000912;ERH;01.10.2020
7000917;ERH;01.11.2020
7000918;ERH;01.11.2020
7000921;ERH;01.11.2020
7000923;RED;01.11.2020
7000926;ERH;01.11.2020
7000929;RED;01.11.2020
7000931;ERH;01.11.2020
7000934;ERH;01.11.2020
7000936;ERH;01.11.2020
7000938;ERH;01.11.2020
7000940;ERH;01.11.2020
7000945;ERH;01.11.2020
7000950;PEX;01.11.2020
7000952;ERH;01.11.2020
7000955;ERH;01.11.2020
7000962;ERH;01.12.2020
7000965;ERH;01.12.2020
7000973;ERH;01.12.2020
7000979;ERH;01.12.2020
7000980;ERH;01.12.2020
7000984;ERH;01.12.2020
7000985;ERH;01.12.2020
7000987;ERH;01.12.2020
7000988;ERH;01.12.2020
7000990;ERH;01.12.2020
7000993;ERH;01.12.2020
7000995;ERH;01.12.2020
7000996;ERH;01.12.2020
7000998;ERH;01.12.2020
7001002;ERH;01.12.2020
7001003;ERH;01.12.2020
7000003;ERH;01.01.2021
7000004;ERH;01.01.2021
7000006;ERH;01.01.2021
7000008;ERH;01.01.2021
7000010;ERH;01.01.2021
7000013;ERH;01.01.2021
7000018;ERH;01.01.2021
7000019;ERH;01.01.2021
7000020;ERH;01.01.2021
7000022;ERH;01.01.2021
7000030;ERH;01.01.2021
7000031;ERH;01.01.2021
7000033;ERH;01.01.2021
7000035;ERH;01.01.2021
7000036;ERH;01.01.2021
7000038;PEX;01.01.2021
7000049;ERH;01.02.2021
7000050;ERH;01.02.2021
7000053;PEX;01.02.2021
7000055;ERH;01.02.2021
7000057;ERH;01.02.2021
7000060;ERH;01.02.2021
7000063;ERH;01.02.2021
7000073;ERH;01.02.2021
7000075;ERH;01.02.2021
7000080;ERH;01.03.2021
7000086;ERH;01.03.2021
7000097;ERH;01.03.2021
7000098;ERH;01.03.2021
7000099;ERH;01.03.2021
7000100;ERH;01.03.2021
7000102;ERH;01.03.2021
7000107;ERH;01.03.2021
7000111;ERH;01.03.2021
7000112;ERH;01.03.2021
7000116;ERH;01.04.2021
7000121;ERH;01.04.2021
7000124;ERH;01.04.2021
7000127;ERH;01.04.2021
7000138;ERH;01.04.2021
7000139;ERH;01.04.2021
7000140;ERH;01.04.2021
7000141;ERH;01.04.2021
7000142;ERH;01.04.2021
7000143;ERH;01.04.2021
7000144;ERH;01.04.2021
7000145;ERH;01.04.2021
7000146;PEX;01.04.2021
7000150;ERH;01.04.2021
7000151;ERH;01.04.2021
7000158;ERH;01.05.2021
7000159;ERH;01.05.2021
7000164;ERH;01.05.2021
7000165;ERH;01.05.2021
7000166;ERH;01.05.2021
7000167;PEX;01.05.2021
7000172;ERH;01.05.2021
7000173;ERH;01.05.2021
7000174;ERH;01.05.2021
7000175;PEX;01.05.2021
7000176;ERH;01.05.2021
7000178;ERH;01.05.2021
7000182;ERH;01.05.2021
7000186;ERH;01.05.2021
7000189;ERH;01.05.2021
7000194;ERH;01.05.2021
7000195;ERH;01.05.2021
7000201;ERH;01.06.2021
7000206;ERH;01.06.2021
7000207;ERH;01.06.2021
7000218;ERH;01.06.2021
7000220;ERH;01.06.2021
7000224;ERH;01.06.2021
7000234;ERH;01.06.2021
7000235;ERH;01.06.2021
7000240;ERH;01.06.2021
7000242;ERH;01.06.2021
7000244;ERH;01.07.2021
7000245;ERH;01.07.2021
7000247;ERH;01.07.2021
7000248;ERH;01.07.2021
7000258;ERH;01.07.2021
7000264;ERH;01.07.2021
7000266;ERH;01.07.2021
7000270;ERH;01.07.2021
7000277;RED;01.08.2021
7000278;ERH;01.08.2021
7000280;PEX;01.08.2021
7000281;ERH;01.08.2021
7000288;PEX;01.08.2021
7000290;ERH;01.08.2021
7000297;ERH;01.08.2021
7000304;ERH;01.08.2021
7000305;ERH;01.08.2021
7000307;ERH;01.08.2021
7000311;ERH;01.08.2021
7000314;ERH;01.08.2021
7000319;ERH;01.08.2021
7000323;ERH;01.09.2021
7000324;RED;01.09.2021
7000328;ERH;01.09.2021
7000329;ERH;01.09.2021
7000335;ERH;01.09.2021
7000336;ERH;01.09.2021
7000342;ERH;01.09.2021
7000343;ERH;01.09.2021
7000347;ERH;01.09.2021
7000348;ERH;01.09.2021
7000351;ERH;01.09.2021
7000352;RED;01.09.2021
7000353;ERH;01.09.2021
7000356;ERH;01.09.2021
7000357;ERH;01.09.2021
7000365;RED;01.10.2021
7000367;ERH;01.10.2021
7000368;ERH;01.10.2021
7000370;ERH;01.10.2021
7000373;ERH;01.10.2021
7000380;ERH;01.10.2021
7000388;ERH;01.10.2021
7000394;ERH;01.10.2021
7000396;ERH;01.10.2021
7000398;ERH;01.10.2021
7000399;ERH;01.10.2021
7000401;PEX;01.10.2021
7000403;ERH;01.10.2021
7000406;ERH;01.10.2021
7000407;ERH;01.10.2021
7000410;ERH;01.10.2021
7000415;ERH;01.10.2021
7000417;ERH;01.11.2021
7000421;ERH;01.11.2021
7000423;ERH;01.11.2021
7000427;ERH;01.11.2021
7000428;ERH;01.11.2021
7000430;ERH;01.11.2021
7000432;ERH;01.11.2021
7000439;ERH;01.11.2021
7000440;PEX;01.11.2021
7000444;ERH;01.11.2021
7000446;ERH;01.11.2021
7000449;ERH;01.11.2021
7000453;ERH;01.12.2021
7000457;ERH;01.12.2021
7000459;ERH;01.12.2021
7000466;ERH;01.12.2021
7000470;ERH;01.12.2021
7000472;ERH;01.12.2021
7000474;ERH;01.12.2021
7000484;ERH;01.12.2021
7000489;ERH;01.12.2021
7000493;ERH;01.12.2021
7000494;ERH;01.12.2021
7000498;ERH;01.12.2021
7000505;ERH;01.01.2021
7000507;ERH;01.01.2021
7000515;ERH;01.01.2021
7000516;ERH;01.01.2021
7000519;ERH;01.01.2021
7000523;PEX;01.01.2021
7000524;ERH;01.01.2021
7000533;ERH;01.01.2021
7000536;ERH;01.01.2021
7000537;ERH;01.02.2021
7000539;ERH;01.02.2021
7000544;ERH;01.02.2021
7000550;ERH;01.02.2021
7000552;PEX;01.02.2021
7000553;ERH;01.02.2021
7000559;ERH;01.02.2021
7000561;ERH;01.02.2021
7000562;ERH;01.02.2021
7000563;ERH;01.02.2021
7000565;ERH;01.02.2021
7000569;ERH;01.02.2021
7000575;ERH;01.03.2021
7000577;ERH;01.03.2021
7000579;ERH;01.03.2021
7000582;ERH;01.03.2021
7000583;ERH;01.03.2021
7000586;ERH;01.03.2021
7000588;ERH;01.03.2021
7000592;ERH;01.03.2021
7000595;PEX;01.03.2021
7000596;ERH;01.03.2021
7000598;ERH;01.03.2021
7000600;ERH;01.03.2021
7000605;ERH;01.03.2021
7000606;ERH;01.03.2021
7000609;ERH;01.03.2021
7000613;ERH;01.03.2021
7000615;ERH;01.03.2021
7000618;ERH;01.03.2021
7000626;ERH;01.04.2021
7000628;ERH;01.04.2021
7000631;ERH;01.04.2021
7000637;ERH;01.04.2021
7000640;ERH;01.04.2021
7000646;ERH;01.04.2021
7000651;ERH;01.04.2021
7000656;ERH;01.04.2021
7000657;ERH;01.04.2021
7000662;ERH;01.04.2021
7000663;ERH;01.04.2021
7000665;ERH;01.05.2021
7000669;ERH;01.05.2021
7000673;ERH;01.05.2021
7000674;ERH;01.05.2021
7000675;ERH;01.05.2021
7000676;ERH;01.05.2021
7000678;ERH;01.05.2021
7000679;RED;01.05.2021
7000684;ERH;01.05.2021
7000686;ERH;01.05.2021
7000687;ERH;01.05.2021
7000689;RED;01.05.2021
7000691;ERH;01.05.2021
7000695;ERH;01.05.2021
7000696;ERH;01.05.2021
7000698;ERH;01.06.2021
7000700;ERH;01.06.2021
7000702;ERH;01.06.2021
7000706;ERH;01.06.2021
7000708;ERH;01.06.2021
7000712;ERH;01.06.2021
7000717;ERH;01.06.2021
7000725;ERH;01.06.2021
7000730;ERH;01.06.2021
7000735;PEX;01.06.2021
7000744;ERH;01.07.2021
7000745;ERH;01.07.2021
7000750;ERH;01.07.2021
7000752;ERH;01.07.2021
7000754;ERH;01.07.2021
7000763;ERH;01.07.2021
7000764;ERH;01.07.2021
7000767;ERH;01.07.2021
7000769;ERH;01.07.2021
7000771;ERH;01.07.2021
7000775;ERH;01.07.2021
7000782;ERH;01.08.2021
7000783;ERH;01.08.2021
7000785;ERH;01.08.2021
7000786;ERH;01.08.2021
7000791;ERH;01.08.2021
7000794;ERH;01.08.2021
7000797;ERH;01.08.2021
7000802;ERH;01.08.2021
7000804;ERH;01.08.2021
7000807;ERH;01.08.2021
7000808;ERH;01.08.2021
7000811;ERH;01.08.2021
7000813;ERH;01.08.2021
7000814;ERH;01.08.2021
7000817;ERH;01.09.2021
7000818;ERH;01.09.2021
7000820;ERH;01.09.2021
7000821;ERH;01.09.2021
7000823;ERH;01.09.2021
7000824;ERH;01.09.2021
7000825;ERH;01.09.2021
7000826;ERH;01.09.2021
7000828;ERH;01.09.2021
7000829;ERH;01.09.2021
7000834;ERH;01.09.2021
7000836;ERH;01.09.2021
7000837;PEX;01.09.2021
7000838;ERH;01.09.2021
7000839;ERH;01.09.2021
7000841;PEX;01.09.2021
7000844;ERH;01.09.2021
7000845;ERH;01.09.2021
7000846;ERH;01.09.2021
7000850;ERH;01.09.2021
7000856;ERH;01.09.2021
7000857;ERH;01.09.2021
7000863;ERH;01.09.2021
7000864;ERH;01.09.2021
7000867;ERH;01.09.2021
7000874;ERH;01.10.2021
7000881;ERH;01.10.2021
7000883;ERH;01.10.2021
7000885;ERH;01.10.2021
7000889;ERH;01.10.2021
7000899;ERH;01.10.2021
7000905;ERH;01.10.2021
7000911;ERH;01.10.2021
7000912;PEX;01.10.2021
7000917;ERH;01.11.2021
7000918;ERH;01.11.2021
7000921;ERH;01.11.2021
7000923;ERH;01.11.2021
7000926;PEX;01.11.2021
7000930;ERH;01.11.2021
7000934;ERH;01.11.2021
7000936;ERH;01.11.2021
7000940;ERH;01.11.2021
7000945;ERH;01.11.2021
7000952;ERH;01.11.2021
7000958;ERH;01.11.2021
7000962;ERH;01.12.2021
7000964;ERH;01.12.2021
7000965;ERH;01.12.2021
7000973;ERH;01.12.2021
7000979;ERH;01.12.2021
7000980;ERH;01.12.2021
7000984;ERH;01.12.2021
7000987;ERH;01.12.2021
7000988;ERH;01.12.2021
7000991;ERH;01.12.2021
7000994;RED;01.12.2021
7000995;ERH;01.12.2021
7000996;ERH;01.12.2021
7001002;ERH;01.12.2021
7000003;ERH;01.01.2022
7000004;ERH;01.01.2022
7000005;ERH;01.01.2022
7000006;ERH;01.01.2022
7000008;ERH;01.01.2022
7000010;ERH;01.01.2022
7000013;ERH;01.01.2022
7000018;ERH;01.01.2022
7000019;ERH;01.01.2022
7000020;ERH;01.01.2022
7000022;ERH;01.01.2022
7000030;ERH;01.01.2022
7000033;ERH;01.01.2022
7000035;ERH;01.01.2022
7000037;ERH;01.01.2022
7000041;ERH;01.02.2022
7000042;ERH;01.02.2022
7000049;ERH;01.02.2022
7000050;ERH;01.02.2022
7000052;ERH;01.02.2022
7000054;ERH;01.02.2022
7000055;ERH;01.02.2022
7000060;ERH;01.02.2022
7000063;ERH;01.02.2022
7000068;ERH;01.02.2022
7000071;PEX;01.02.2022
7000073;ERH;01.02.2022
7000075;ERH;01.02.2022
7000080;ERH;01.03.2022
7000084;ERH;01.03.2022
7000086;ERH;01.03.2022
7000096;ERH;01.03.2022
7000097;ERH;01.03.2022
7000098;ERH;01.03.2022
7000105;ERH;01.03.2022
7000112;ERH;01.03.2022
7000116;ERH;01.04.2022
7000118;ERH;01.04.2022
7000122;ERH;01.04.2022
7000124;ERH;01.04.2022
7000125;ERH;01.04.2022
7000127;ERH;01.04.2022
7000134;PEX;01.04.2022
7000138;ERH;01.04.2022
7000140;ERH;01.04.2022
7000141;ERH;01.04.2022
7000142;ERH;01.04.2022
7000143;ERH;01.04.2022
7000150;ERH;01.04.2022
7000151;ERH;01.04.2022
7000154;ERH;01.04.2022
7000156;ERH;01.04.2022
7000158;ERH;01.05.2022
7000165;ERH;01.05.2022
7000166;ERH;01.05.2022
7000172;ERH;01.05.2022
7000173;ERH;01.05.2022
7000174;PEX;01.05.2022
7000178;ERH;01.05.2022
7000183;ERH;01.05.2022
7000188;ERH;01.05.2022
7000189;ERH;01.05.2022
7000192;RED;01.05.2022
7000194;ERH;01.05.2022
7000195;ERH;01.05.2022
7000198;ERH;01.05.2022
7000201;ERH;01.06.2022
7000203;PEX;01.06.2022
7000204;ERH;01.06.2022
7000212;ERH;01.06.2022
7000218;ERH;01.06.2022
7000219;ERH;01.06.2022
7000220;ERH;01.06.2022
7000224;ERH;01.06.2022
7000235;ERH;01.06.2022
7000240;ERH;01.06.2022
7000242;ERH;01.06.2022
7000245;ERH;01.07.2022
7000248;ERH;01.07.2022
7000249;PEX;01.07.2022
7000258;ERH;01.07.2022
7000264;ERH;01.07.2022
7000266;ERH;01.07.2022
7000276;PEX;01.07.2022
7000278;ERH;01.08.2022
7000283;ERH;01.08.2022
7000287;ERH;01.08.2022
7000290;ERH;01.08.2022
7000297;ERH;01.08.2022
7000304;ERH;01.08.2022
7000305;ERH;01.08.2022
7000306;RED;01.08.2022
7000307;ERH;01.08.2022
7000310;ERH;01.08.2022
7000311;ERH;01.08.2022
7000312;ERH;01.08.2022
7000319;ERH;01.08.2022
7000321;ERH;01.09.2022
7000323;ERH;01.09.2022
7000324;ERH;01.09.2022
7000328;ERH;01.09.2022
7000336;ERH;01.09.2022
7000342;ERH;01.09.2022
7000343;ERH;01.09.2022
7000345;ERH;01.09.2022
7000348;ERH;01.09.2022
7000351;ERH;01.09.2022
7000352;ERH;01.09.2022
7000356;ERH;01.09.2022
7000357;ERH;01.09.2022
7000365;ERH;01.10.2022
7000368;ERH;01.10.2022
7000370;ERH;01.10.2022
7000373;ERH;01.10.2022
7000388;ERH;01.10.2022
7000389;ERH;01.10.2022
7000394;ERH;01.10.2022
7000398;ERH;01.10.2022
7000399;ERH;01.10.2022
7000406;ERH;01.10.2022
7000407;ERH;01.10.2022
7000410;ERH;01.10.2022
7000415;ERH;01.10.2022
7000417;ERH;01.11.2022
7000423;ERH;01.11.2022
7000428;ERH;01.11.2022
7000430;ERH;01.11.2022
7000431;ERH;01.11.2022
7000432;ERH;01.11.2022
7000437;RED;01.11.2022
7000446;ERH;01.11.2022
7000457;ERH;01.12.2022
7000466;ERH;01.12.2022
7000468;ERH;01.12.2022
7000474;ERH;01.12.2022
7000485;ERH;01.12.2022
7000489;ERH;01.12.2022
7000493;ERH;01.12.2022
7000494;ERH;01.12.2022
7000509;ERH;01.01.2022
7000512;ERH;01.01.2022
7000515;ERH;01.01.2022
7000519;ERH;01.01.2022
7000521;ERH;01.01.2022
7000524;ERH;01.01.2022
7000532;ERH;01.01.2022
7000533;PEX;01.01.2022
7000536;ERH;01.01.2022
7000537;ERH;01.02.2022
7000538;ERH;01.02.2022
7000547;ERH;01.02.2022
7000548;ERH;01.02.2022
7000553;ERH;01.02.2022
7000557;ERH;01.02.2022
7000559;ERH;01.02.2022
7000562;ERH;01.02.2022
7000565;ERH;01.02.2022
7000569;ERH;01.02.2022
7000575;ERH;01.03.2022
7000577;ERH;01.03.2022
7000578;ERH;01.03.2022
7000579;ERH;01.03.2022
7000582;ERH;01.03.2022
7000583;ERH;01.03.2022
7000585;ERH;01.03.2022
7000586;ERH;01.03.2022
7000588;ERH;01.03.2022
7000592;ERH;01.03.2022
7000596;ERH;01.03.2022
7000597;PEX;01.03.2022
7000598;ERH;01.03.2022
7000600;ERH;01.03.2022
7000603;ERH;01.03.2022
7000605;ERH;01.03.2022
7000609;ERH;01.03.2022
7000611;ERH;01.03.2022
7000628;ERH;01.04.2022
7000637;ERH;01.04.2022
7000640;ERH;01.04.2022
7000649;ERH;01.04.2022
7000651;ERH;01.04.2022
7000656;ERH;01.04.2022
7000662;ERH;01.04.2022
7000669;ERH;01.05.2022
7000674;ERH;01.05.2022
7000675;ERH;01.05.2022
7000676;ERH;01.05.2022
7000679;ERH;01.05.2022
7000686;PEX;01.05.2022
7000687;ERH;01.05.2022
7000689;ERH;01.05.2022
7000690;ERH;01.05.2022
7000691;ERH;01.05.2022
7000696;ERH;01.05.2022
7000698;ERH;01.06.2022
7000700;ERH;01.06.2022
7000706;ERH;01.06.2022
7000708;ERH;01.06.2022
7000717;ERH;01.06.2022
7000725;ERH;01.06.2022
7000734;RED;01.06.2022
7000745;ERH;01.07.2022
7000750;ERH;01.07.2022
7000752;ERH;01.07.2022
7000754;RED;01.07.2022
7000763;ERH;01.07.2022
7000764;ERH;01.07.2022
7000767;ERH;01.07.2022
7000769;ERH;01.07.2022
7000775;ERH;01.07.2022
7000779;ERH;01.08.2022
7000783;ERH;01.08.2022
7000784;ERH;01.08.2022
7000786;ERH;01.08.2022
7000788;ERH;01.08.2022
7000793;ERH;01.08.2022
7000802;ERH;01.08.2022
7000808;ERH;01.08.2022
7000811;ERH;01.08.2022
7000814;ERH;01.08.2022
7000817;ERH;01.09.2022
7000824;ERH;01.09.2022
7000825;ERH;01.09.2022
7000826;ERH;01.09.2022
7000828;ERH;01.09.2022
7000829;ERH;01.09.2022
7000838;ERH;01.09.2022
7000842;ERH;01.09.2022
7000844;ERH;01.09.2022
7000845;ERH;01.09.2022
7000846;ERH;01.09.2022
7000850;ERH;01.09.2022
7000852;ERH;01.09.2022
7000853;ERH;01.09.2022
7000857;ERH;01.09.2022
7000860;PEX;01.09.2022
7000864;ERH;01.09.2022
7000867;ERH;01.09.2022
7000883;ERH;01.10.2022
7000884;ERH;01.10.2022
7000885;ERH;01.10.2022
7000888;ERH;01.10.2022
7000889;ERH;01.10.2022
7000899;ERH;01.10.2022
7000902;ERH;01.10.2022
7000903;PEX;01.10.2022
7000911;ERH;01.10.2022
7000917;ERH;01.11.2022
7000918;ERH;01.11.2022
7000921;ERH;01.11.2022
7000931;ERH;01.11.2022
7000934;ERH;01.11.2022
7000936;PEX;01.11.2022
7000940;ERH;01.11.2022
7000945;ERH;01.11.2022
7000949;RED;01.11.2022
7000952;ERH;01.11.2022
7000955;ERH;01.11.2022
7000958;ERH;01.11.2022
7000965;ERH;01.12.2022
7000973;ERH;01.12.2022
7000979;ERH;01.12.2022
7000984;ERH;01.12.2022
7000985;ERH;01.12.2022
7000987;ERH;01.12.2022
7000988;ERH;01.12.2022
7000990;ERH;01.12.2022
7000996;ERH;01.12.2022
7000003;PEX;01.01.2023
7000005;ERH;01.01.2023
7000006;ERH;01.01.2023
7000008;ERH;01.01.2023
7000018;ERH;01.01.2023
7000019;ERH;01.01.2023
7000022;ERH;01.01.2023
7000034;ERH;01.01.2023
7000035;ERH;01.01.2023
7000036;ERH;01.01.2023
7000042;ERH;01.02.2023
7000049;ERH;01.02.2023
7000054;ERH;01.02.2023
7000055;ERH;01.02.2023
7000068;ERH;01.02.2023
7000073;ERH;01.02.2023
7000075;ERH;01.02.2023
7000080;ERH;01.03.2023
7000081;ERH;01.03.2023
7000084;ERH;01.03.2023
7000097;ERH;01.03.2023
7000098;ERH;01.03.2023
7000099;ERH;01.03.2023
7000108;PEX;01.03.2023
7000111;ERH;01.03.2023
7000112;ERH;01.03.2023
7000124;ERH;01.04.2023
7000125;ERH;01.04.2023
7000127;ERH;01.04.2023
7000138;ERH;01.04.2023
7000139;ERH;01.04.2023
7000141;ERH;01.04.2023
7000144;ERH;01.04.2023
7000145;ERH;01.04.2023
7000150;ERH;01.04.2023
7000151;ERH;01.04.2023
7000156;ERH;01.04.2023
7000158;ERH;01.05.2023
7000165;ERH;01.05.2023
7000172;ERH;01.05.2023
7000173;PEX;01.05.2023
7000176;RED;01.05.2023
7000182;ERH;01.05.2023
7000183;ERH;01.05.2023
7000189;ERH;01.05.2023
7000204;ERH;01.06.2023
7000206;ERH;01.06.2023
7000207;ERH;01.06.2023
7000219;ERH;01.06.2023
7000220;ERH;01.06.2023
7000224;ERH;01.06.2023
7000228;ERH;01.06.2023
7000234;ERH;01.06.2023
7000240;ERH;01.06.2023
7000242;ERH;01.06.2023
7000245;ERH;01.07.2023
7000248;ERH;01.07.2023
7000250;PEX;01.07.2023
7000264;ERH;01.07.2023
7000266;ERH;01.07.2023
7000270;ERH;01.07.2023
7000277;ERH;01.08.2023
7000278;ERH;01.08.2023
7000283;RED;01.08.2023
7000286;ERH;01.08.2023
7000287;ERH;01.08.2023
7000297;ERH;01.08.2023
7000302;ERH;01.08.2023
7000304;ERH;01.08.2023
7000307;ERH;01.08.2023
7000310;ERH;01.08.2023
7000311;ERH;01.08.2023
7000314;ERH;01.08.2023
7000321;ERH;01.09.2023
7000324;ERH;01.09.2023
7000329;ERH;01.09.2023
7000336;ERH;01.09.2023
7000342;PEX;01.09.2023
7000343;ERH;01.09.2023
7000347;ERH;01.09.2023
7000351;ERH;01.09.2023
7000352;ERH;01.09.2023
7000356;ERH;01.09.2023
7000373;ERH;01.10.2023
7000374;ERH;01.10.2023
7000375;ERH;01.10.2023
7000388;ERH;01.10.2023
7000397;PEX;01.10.2023
7000398;ERH;01.10.2023
7000407;ERH;01.10.2023
7000417;ERH;01.11.2023
7000421;ERH;01.11.2023
7000428;ERH;01.11.2023
7000444;ERH;01.11.2023
7000449;ERH;01.11.2023
7000459;ERH;01.12.2023
7000466;ERH;01.12.2023
7000468;ERH;01.12.2023
7000472;ERH;01.12.2023
7000474;ERH;01.12.2023
7000485;ERH;01.12.2023
7000489;ERH;01.12.2023
7000497;ERH;01.12.2023
7000498;ERH;01.12.2023
7000505;ERH;01.01.2023
7000507;ERH;01.01.2023
7000509;ERH;01.01.2023
7000512;ERH;01.01.2023
7000515;ERH;01.01.2023
7000516;ERH;01.01.2023
7000519;ERH;01.01.2023
7000521;PEX;01.01.2023
7000524;ERH;01.01.2023
7000532;ERH;01.01.2023
7000536;ERH;01.01.2023
7000538;ERH;01.02.2023
7000547;ERH;01.02.2023
7000548;ERH;01.02.2023
7000554;ERH;01.02.2023
7000557;ERH;01.02.2023
7000559;ERH;01.02.2023
7000561;RED;01.02.2023
7000562;ERH;01.02.2023
7000565;ERH;01.02.2023
7000569;ERH;01.02.2023
7000578;ERH;01.03.2023
7000579;ERH;01.03.2023
7000582;ERH;01.03.2023
7000583;ERH;01.03.2023
7000585;ERH;01.03.2023
7000586;RED;01.03.2023
7000598;ERH;01.03.2023
7000600;ERH;01.03.2023
7000603;ERH;01.03.2023
7000606;ERH;01.03.2023
7000610;ERH;01.03.2023
7000612;PEX;01.03.2023
7000615;ERH;01.03.2023
7000623;ERH;01.04.2023
7000626;ERH;01.04.2023
7000631;ERH;01.04.2023
7000637;ERH;01.04.2023
7000640;ERH;01.04.2023
7000646;ERH;01.04.2023
7000649;ERH;01.04.2023
7000656;ERH;01.04.2023
7000662;ERH;01.04.2023
7000665;ERH;01.05.2023
7000669;ERH;01.05.2023
7000673;ERH;01.05.2023
7000675;ERH;01.05.2023
7000676;RED;01.05.2023
7000678;ERH;01.05.2023
7000687;ERH;01.05.2023
7000689;ERH;01.05.2023
7000690;ERH;01.05.2023
7000691;ERH;01.05.2023
7000695;ERH;01.05.2023
7000696;ERH;01.05.2023
7000698;ERH;01.06.2023
7000700;ERH;01.06.2023
7000702;ERH;01.06.2023
7000708;ERH;01.06.2023
7000710;RED;01.06.2023
7000717;ERH;01.06.2023
7000730;ERH;01.06.2023
7000734;ERH;01.06.2023
7000744;ERH;01.07.2023
7000745;ERH;01.07.2023
7000753;ERH;01.07.2023
7000755;ERH;01.07.2023
7000764;ERH;01.07.2023
7000767;ERH;01.07.2023
7000769;ERH;01.07.2023
7000770;ERH;01.07.2023
7000782;ERH;01.08.2023
7000783;ERH;01.08.2023
7000784;ERH;01.08.2023
7000785;ERH;01.08.2023
7000788;ERH;01.08.2023
7000791;ERH;01.08.2023
7000794;PEX;01.08.2023
7000795;ERH;01.08.2023
7000797;ERH;01.08.2023
7000804;ERH;01.08.2023
7000807;ERH;01.08.2023
7000811;ERH;01.08.2023
7000814;ERH;01.08.2023
7000817;ERH;01.09.2023
7000818;ERH;01.09.2023
7000820;PEX;01.09.2023
7000823;ERH;01.09.2023
7000824;ERH;01.09.2023
7000825;ERH;01.09.2023
7000826;ERH;01.09.2023
7000829;ERH;01.09.2023
7000832;ERH;01.09.2023
7000838;ERH;01.09.2023
7000839;ERH;01.09.2023
7000842;ERH;01.09.2023
7000845;ERH;01.09.2023
7000846;ERH;01.09.2023
7000850;ERH;01.09.2023
7000852;ERH;01.09.2023
7000853;ERH;01.09.2023
7000856;ERH;01.09.2023
7000857;ERH;01.09.2023
7000863;ERH;01.09.2023
7000864;ERH;01.09.2023
7000867;ERH;01.09.2023
7000877;PEX;01.10.2023
7000881;ERH;01.10.2023
7000883;ERH;01.10.2023
7000884;ERH;01.10.2023
7000888;ERH;01.10.2023
7000899;ERH;01.10.2023
7000902;ERH;01.10.2023
7000905;ERH;01.10.2023
7000911;ERH;01.10.2023
7000918;ERH;01.11.2023
7000923;ERH;01.11.2023
7000930;ERH;01.11.2023
7000934;ERH;01.11.2023
7000938;ERH;01.11.2023
7000945;ERH;01.11.2023
7000949;PEX;01.11.2023
7000952;ERH;01.11.2023
7000955;ERH;01.11.2023
7000965;ERH;01.12.2023
7000970;ERH;01.12.2023
7000979;ERH;01.12.2023
7000980;ERH;01.12.2023
7000984;ERH;01.12.2023
7000987;ERH;01.12.2023
7000988;ERH;01.12.2023
7000991;ERH;01.12.2023
7000993;ERH;01.12.2023
7000994;PEX;01.12.2023
7000995;ERH;01.12.2023
7000996;RED;01.12.2023
7001002;ERH;01.12.2023
7001003;ERH;01.12.2023
7000004;ERH;01.01.2024
7000005;ERH;01.01.2024
7000006;ERH;01.01.2024
7000008;ERH;01.01.2024
7000010;ERH;01.01.2024
7000018;ERH;01.01.2024
7000019;ERH;01.01.2024
7000020;ERH;01.01.2024
7000022;ERH;01.01.2024
7000031;ERH;01.01.2024
7000034;ERH;01.01.2024
7000041;ERH;01.02.2024
7000042;ERH;01.02.2024
7000049;ERH;01.02.2024
7000054;ERH;01.02.2024
7000057;ERH;01.02.2024
7000060;ERH;01.02.2024
7000073;ERH;01.02.2024
7000075;PEX;01.02.2024
7000080;ERH;01.03.2024
7000084;ERH;01.03.2024
7000096;ERH;01.03.2024
7000097;ERH;01.03.2024
7000098;ERH;01.03.2024
7000099;RED;01.03.2024
7000100;ERH;01.03.2024
7000105;ERH;01.03.2024
7000111;ERH;01.03.2024
7000121;ERH;01.04.2024
7000124;ERH;01.04.2024
7000125;ERH;01.04.2024
7000138;ERH;01.04.2024
7000139;ERH;01.04.2024
7000140;ERH;01.04.2024
7000141;ERH;01.04.2024
7000142;ERH;01.04.2024
7000144;ERH;01.04.2024
7000145;ERH;01.04.2024
7000150;ERH;01.04.2024
7000151;ERH;01.04.2024
7000156;ERH;01.04.2024
7000158;ERH;01.05.2024
7000164;ERH;01.05.2024
7000165;ERH;01.05.2024
7000172;ERH;01.05.2024
7000176;ERH;01.05.2024
7000183;ERH;01.05.2024
7000188;ERH;01.05.2024
7000189;ERH;01.05.2024
7000194;ERH;01.05.2024
7000198;ERH;01.05.2024
7000199;PEX;01.05.2024
7000204;PEX;01.06.2024
7000207;ERH;01.06.2024
7000212;ERH;01.06.2024
7000220;ERH;01.06.2024
7000224;ERH;01.06.2024
7000240;ERH;01.06.2024
7000242;ERH;01.06.2024
7000244;ERH;01.07.2024
7000245;ERH;01.07.2024
7000248;RED;01.07.2024
7000264;ERH;01.07.2024
7000266;ERH;01.07.2024
7000277;ERH;01.08.2024
7000286;ERH;01.08.2024
7000297;ERH;01.08.2024
7000302;ERH;01.08.2024
7000304;ERH;01.08.2024
7000307;ERH;01.08.2024
7000310;ERH;01.08.2024
7000311;ERH;01.08.2024
7000314;ERH;01.08.2024
7000321;ERH;01.09.2024
7000328;ERH;01.09.2024
7000329;ERH;01.09.2024
7000336;ERH;01.09.2024
7000337;PEX;01.09.2024
7000343;ERH;01.09.2024
7000347;ERH;01.09.2024
7000348;ERH;01.09.2024
7000349;ERH;01.09.2024
7000352;ERH;01.09.2024
7000353;ERH;01.09.2024
7000356;ERH;01.09.2024
7000360;RED;01.09.2024
7000367;ERH;01.10.2024
7000368;PEX;01.10.2024
7000373;ERH;01.10.2024
7000375;ERH;01.10.2024
7000388;ERH;01.10.2024
7000389;ERH;01.10.2024
7000394;ERH;01.10.2024
7000398;ERH;01.10.2024
7000399;ERH;01.10.2024
7000407;ERH;01.10.2024
7000410;ERH;01.10.2024
7000415;ERH;01.10.2024
7000417;ERH;01.11.2024
7000421;ERH;01.11.2024
7000428;ERH;01.11.2024
7000432;ERH;01.11.2024
7000439;ERH;01.11.2024
7000444;ERH;01.11.2024
7000446;ERH;01.11.2024
7000449;ERH;01.11.2024
7000457;ERH;01.12.2024
7000459;ERH;01.12.2024
7000466;ERH;01.12.2024
7000472;RED;01.12.2024
7000474;ERH;01.12.2024
7000484;ERH;01.12.2024
7000486;PEX;01.12.2024
7000491;RED;01.12.2024
7000493;ERH;01.12.2024
7000494;ERH;01.12.2024
7000497;ERH;01.12.2024
7000498;ERH;01.12.2024
7000503;ERH;01.01.2024
7000505;ERH;01.01.2024
7000507;ERH;01.01.2024
7000509;ERH;01.01.2024
7000512;ERH;01.01.2024
7000515;RED;01.01.2024
7000524;ERH;01.01.2024
7000532;ERH;01.01.2024
7000537;ERH;01.02.2024
7000544;ERH;01.02.2024
7000550;ERH;01.02.2024
7000554;ERH;01.02.2024
7000558;ERH;01.02.2024
7000559;ERH;01.02.2024
7000562;ERH;01.02.2024
7000563;ERH;01.02.2024
7000569;ERH;01.02.2024
7000575;ERH;01.03.2024
7000578;ERH;01.03.2024
7000583;ERH;01.03.2024
7000585;ERH;01.03.2024
7000596;ERH;01.03.2024
7000598;ERH;01.03.2024
7000600;ERH;01.03.2024
7000606;ERH;01.03.2024
7000610;ERH;01.03.2024
7000611;ERH;01.03.2024
7000615;ERH;01.03.2024
7000626;ERH;01.04.2024
7000637;ERH;01.04.2024
7000646;ERH;01.04.2024
7000649;ERH;01.04.2024
7000656;ERH;01.04.2024
7000663;ERH;01.04.2024
7000673;ERH;01.05.2024
7000684;ERH;01.05.2024
7000695;ERH;01.05.2024
7000696;ERH;01.05.2024
7000702;ERH;01.06.2024
7000708;ERH;01.06.2024
7000720;ERH;01.06.2024
7000744;ERH;01.07.2024
7000752;PEX;01.07.2024
7000753;ERH;01.07.2024
7000755;ERH;01.07.2024
7000763;ERH;01.07.2024
7000767;ERH;01.07.2024
7000769;ERH;01.07.2024
7000770;ERH;01.07.2024
7000771;ERH;01.07.2024
7000773;PEX;01.07.2024
7000779;ERH;01.08.2024
7000783;ERH;01.08.2024
7000784;ERH;01.08.2024
7000785;ERH;01.08.2024
7000786;ERH;01.08.2024
7000788;ERH;01.08.2024
7000791;ERH;01.08.2024
7000793;PEX;01.08.2024
7000797;ERH;01.08.2024
7000802;ERH;01.08.2024
7000807;ERH;01.08.2024
7000808;ERH;01.08.2024
7000825;ERH;01.09.2024
7000826;ERH;01.09.2024
7000828;ERH;01.09.2024
7000832;PEX;01.09.2024
7000836;ERH;01.09.2024
7000838;ERH;01.09.2024
7000839;ERH;01.09.2024
7000845;ERH;01.09.2024
7000846;ERH;01.09.2024
7000852;ERH;01.09.2024
7000856;ERH;01.09.2024
7000861;PEX;01.09.2024
7000863;ERH;01.09.2024
7000864;ERH;01.09.2024
7000867;ERH;01.09.2024
7000881;ERH;01.10.2024
7000883;ERH;01.10.2024
7000884;ERH;01.10.2024
7000888;ERH;01.10.2024
7000899;ERH;01.10.2024
7000902;ERH;01.10.2024
7000905;ERH;01.10.2024
7000917;ERH;01.11.2024
7000923;ERH;01.11.2024
7000930;ERH;01.11.2024
7000938;ERH;01.11.2024
7000945;ERH;01.11.2024
7000952;ERH;01.11.2024
7000955;ERH;01.11.2024
7000964;ERH;01.12.2024
7000965;ERH;01.12.2024
7000980;PEX;01.12.2024
7000984;ERH;01.12.2024
7000985;ERH;01.12.2024
7000991;ERH;01.12.2024
7001002;ERH;01.12.2024
7001003;ERH;01.12.2024
7000006;ERH;01.01.2025
7000010;PEX;01.01.2025
7000031;ERH;01.01.2025
7000034;ERH;01.01.2025
7000035;ERH;01.01.2025
7000036;ERH;01.01.2025
7000037;ERH;01.01.2025
7000041;ERH;01.02.2025
7000049;ERH;01.02.2025
7000050;ERH;01.02.2025
7000057;ERH;01.02.2025
7000068;ERH;01.02.2025
7000073;ERH;01.02.2025
7000080;ERH;01.03.2025
7000084;ERH;01.03.2025
7000096;ERH;01.03.2025
7000097;ERH;01.03.2025
7000100;ERH;01.03.2025
7000105;ERH;01.03.2025
7000111;ERH;01.03.2025
7000112;ERH;01.03.2025
7000121;ERH;01.04.2025
7000122;ERH;01.04.2025
7000124;ERH;01.04.2025
7000127;ERH;01.04.2025
7000138;ERH;01.04.2025
7000139;ERH;01.04.2025
7000140;ERH;01.04.2025
7000145;ERH;01.04.2025
7000147;RED;01.04.2025
7000151;ERH;01.04.2025
7000156;ERH;01.04.2025
7000158;ERH;01.05.2025
7000165;ERH;01.05.2025
7000166;ERH;01.05.2025
7000172;ERH;01.05.2025
7000176;ERH;01.05.2025
7000182;ERH;01.05.2025
7000183;ERH;01.05.2025
7000188;ERH;01.05.2025
7000189;ERH;01.05.2025
7000194;ERH;01.05.2025
7000195;ERH;01.05.2025
7000198;ERH;01.05.2025
7000206;ERH;01.06.2025
7000207;ERH;01.06.2025
7000212;ERH;01.06.2025
7000220;ERH;01.06.2025
7000228;ERH;01.06.2025
7000240;ERH;01.06.2025
7000245;ERH;01.07.2025
7000248;ERH;01.07.2025
7000253;ERH;01.07.2025
7000270;ERH;01.07.2025
7000277;ERH;01.08.2025
7000278;ERH;01.08.2025
7000281;ERH;01.08.2025
7000286;ERH;01.08.2025
7000287;ERH;01.08.2025
7000297;ERH;01.08.2025
7000302;ERH;01.08.2025
7000307;ERH;01.08.2025
7000311;ERH;01.08.2025
7000312;RED;01.08.2025
7000314;ERH;01.08.2025
7000316;PEX;01.08.2025
7000324;ERH;01.09.2025
7000329;ERH;01.09.2025
7000343;ERH;01.09.2025
7000348;ERH;01.09.2025
7000352;ERH;01.09.2025
7000353;ERH;01.09.2025
7000356;ERH;01.09.2025
7000373;ERH;01.10.2025
7000374;ERH;01.10.2025
7000375;ERH;01.10.2025
7000398;ERH;01.10.2025
7000407;ERH;01.10.2025
7000415;ERH;01.10.2025
7000417;ERH;01.11.2025
7000421;ERH;01.11.2025
7000422;PEX;01.11.2025
7000424;PEX;01.11.2025
7000428;ERH;01.11.2025
7000430;ERH;01.11.2025
7000432;ERH;01.11.2025
7000444;ERH;01.11.2025
7000459;ERH;01.12.2025
7000466;ERH;01.12.2025
7000472;ERH;01.12.2025
7000474;ERH;01.12.2025
7000484;RED;01.12.2025
7000485;ERH;01.12.2025
7000493;ERH;01.12.2025
7000494;ERH;01.12.2025
7000497;ERH;01.12.2025
7000498;ERH;01.12.2025
7000504;PEX;01.01.2025
7000507;ERH;01.01.2025
7000516;PEX;01.01.2025
7000537;PEX;01.02.2025
7000538;ERH;01.02.2025
7000550;ERH;01.02.2025
7000558;ERH;01.02.2025
7000559;ERH;01.02.2025
7000561;ERH;01.02.2025
7000562;ERH;01.02.2025
7000563;ERH;01.02.2025
7000565;ERH;01.02.2025
7000575;ERH;01.03.2025
7000585;ERH;01.03.2025
7000596;ERH;01.03.2025
7000605;ERH;01.03.2025
7000606;ERH;01.03.2025
7000610;ERH;01.03.2025
7000611;ERH;01.03.2025
7000615;ERH;01.03.2025
7000618;ERH;01.03.2025
7000626;ERH;01.04.2025
7000637;ERH;01.04.2025
7000646;ERH;01.04.2025
7000649;ERH;01.04.2025
7000651;ERH;01.04.2025
7000656;ERH;01.04.2025
7000657;ERH;01.04.2025
7000662;ERH;01.04.2025
7000663;ERH;01.04.2025
7000669;ERH;01.05.2025
7000672;PEX;01.05.2025
7000673;ERH;01.05.2025
7000676;PEX;01.05.2025
7000684;ERH;01.05.2025
7000687;ERH;01.05.2025
7000690;ERH;01.05.2025
7000695;ERH;01.05.2025
7000696;ERH;01.05.2025
7000702;ERH;01.06.2025
7000706;ERH;01.06.2025
7000708;ERH;01.06.2025
7000712;ERH;01.06.2025
7000720;ERH;01.06.2025
7000725;ERH;01.06.2025
7000734;ERH;01.06.2025
7000738;ERH;01.07.2025
7000744;ERH;01.07.2025
7000745;ERH;01.07.2025
7000747;PEX;01.07.2025
7000753;ERH;01.07.2025
7000755;ERH;01.07.2025
7000763;ERH;01.07.2025
7000764;ERH;01.07.2025
7000767;ERH;01.07.2025
7000769;ERH;01.07.2025
7000770;ERH;01.07.2025
7000771;ERH;01.07.2025
7000778;PEX;01.08.2025
7000779;ERH;01.08.2025
7000782;ERH;01.08.2025
7000784;ERH;01.08.2025
7000786;ERH;01.08.2025
7000797;ERH;01.08.2025
7000802;ERH;01.08.2025
7000808;ERH;01.08.2025
7000821;ERH;01.09.2025
7000825;ERH;01.09.2025
7000826;ERH;01.09.2025
7000828;RED;01.09.2025
7000838;ERH;01.09.2025
7000844;PEX;01.09.2025
7000846;ERH;01.09.2025
7000850;ERH;01.09.2025
7000852;ERH;01.09.2025
7000856;ERH;01.09.2025
7000857;ERH;01.09.2025
7000863;PEX;01.09.2025
7000867;ERH;01.09.2025
7000871;RED;01.10.2025
7000874;ERH;01.10.2025
7000885;ERH;01.10.2025
7000888;ERH;01.10.2025
7000905;ERH;01.10.2025
7000911;ERH;01.10.2025
7000917;ERH;01.11.2025
7000923;ERH;01.11.2025
7000930;ERH;01.11.2025
7000938;ERH;01.11.2025
7000964;ERH;01.12.2025
7000970;ERH;01.12.2025
7000996;ERH;01.12.2025
7001002;ERH;01.12.2025
7001003;PEX;01.12.2025
7000006;ERH;01.01.2026
7000020;ERH;01.01.2026
7000022;ERH;01.01.2026
7000025;PEX;01.01.2026
7000036;ERH;01.01.2026
7000037;ERH;01.01.2026
7000503;ERH;01.01.2026
7000509;ERH;01.01.2026
7000512;RED;01.01.2026
7000515;ERH;01.01.2026
