POLNR;GEVO;DATUM;ANTEIL;BEZUG
7000396;RED;01.10.2019;0.50;Auskunftsschreiben Nr. 2, Einzelpruefung Kernverwaltung 2026-10-02
7000523;RED;01.01.2020;0.60;Auskunftsschreiben Nr. 2, Einzelpruefung Kernverwaltung 2026-10-02
7000533;RED;01.01.2018;0.75;Auskunftsschreiben Nr. 2, Einzelpruefung Kernverwaltung 2026-10-02
7000539;RED;01.02.2018;0.75;Auskunftsschreiben Nr. 2, Einzelpruefung Kernverwaltung 2026-10-02
7000676;RED;01.05.2023;0.75;Auskunftsschreiben Nr. 2, Einzelpruefung Kernverwaltung 2026-10-02
7000679;RED;01.05.2021;0.50;Auskunftsschreiben Nr. 2, Einzelpruefung Kernverwaltung 2026-10-02
7000722;RED;01.06.2017;0.75;Auskunftsschreiben Nr. 2, Einzelpruefung Kernverwaltung 2026-10-02
7000754;RED;01.07.2022;0.50;Auskunftsschreiben Nr. 2, Einzelpruefung Kernverwaltung 2026-10-02
7000910;RED;01.10.2018;0.50;Auskunftsschreiben Nr. 2, Einzelpruefung Kernverwaltung 2026-10-02
7000994;RED;01.12.2021;0.75;Auskunftsschreiben Nr. 2, Einzelpruefung Kernverwaltung 2026-10-02
