POLNR;TARIF;VTG_STATUS;GESCHL;RK;BGRP;GEBDAT;BEGINN;ABLAUF;BZDAUER;ERLSUMME;ZAHLW;JBRUTTO;DECKKAP;STORNO_KZ
7000001;KLV15;BFR;M;NR;H;08.12.1979;01.02.2016;01.02.2028;7;56307.10;monatlich;0.00;55707.18;
7000002;KLV15;AKT;W;NR;K;28.01.1976;01.06.2015;01.06.2030;15;87000.00;monatlich;5547.57;65314.36;
7000003;KLV15;AKT;M;NR;H;07.08.1981;01.01.2016;01.01.2031;15;123900.00;monatlich;7757.20;88210.86;
7000004;KLV15;BFR;M;NR;K;09.12.1979;01.09.2016;01.09.2036;12;19117.85;monatlich;0.00;17412.49;
7000005;KLV15;AKT;W;NR;H;17.11.1991;01.03.2016;01.03.2031;15;98000.00;monatlich;6075.89;68837.51;
7000006;KLV15;AKT;W;NR;H;10.07.1983;01.09.2015;01.09.2045;30;21000.00;monatlich;624.63;6867.88;
7000007;KLV15;AKT;M;NR;E;28.02.1970;01.03.2015;01.03.2035;12;160650.00;monatlich;12684.29;144991.33;
7000008;KLV15;BFR;M;NR;E;05.04.1955;01.12.2016;01.12.2031;15;19724.05;monatlich;0.00;18858.39;
7000009;KLV15;AKT;M;R;H;13.06.1976;01.03.2015;01.03.2030;9;60000.00;monatlich;0.00;57891.88;
7000010;KLV15;AKT;W;NR;E;21.01.1963;01.10.2015;01.10.2030;15;181000.00;halbjaehrlich;12298.85;130316.27;
7000011;KLV15;AKT;M;NR;H;07.04.1979;01.05.2015;01.05.2027;12;50000.00;monatlich;3940.99;48507.04;
7000012;KLV15;AKT;M;NR;E;11.12.1992;01.09.2015;01.09.2045;30;76650.00;monatlich;2350.42;24252.22;
7000013;KLV15;AKT;M;NR;E;12.04.1973;01.12.2016;01.12.2036;20;49000.00;monatlich;2401.67;22482.42;
7000015;KLV15;AKT;W;NR;E;26.11.1984;01.02.2015;01.02.2035;12;73000.00;monatlich;5545.63;66316.64;
7000016;KLV15;AKT;M;NR;K;20.06.1994;01.02.2015;01.02.2035;12;104000.00;monatlich;7654.00;94259.97;
7000017;KLV15;AKT;M;R;H;20.12.1971;01.07.2015;01.07.2040;15;36000.00;monatlich;2138.88;24270.74;
7000018;KLV15;AKT;M;NR;K;10.06.1970;01.03.2015;01.03.2045;30;157000.00;monatlich;5083.89;55417.54;
7000019;KLV15;AKT;W;NR;K;02.11.1983;01.01.2016;01.01.2028;7;154000.00;halbjaehrlich;0.00;152252.77;R
7000020;KLV15;AKT;M;NR;E;03.02.1975;01.10.2015;01.10.2030;15;84000.00;monatlich;5528.82;60824.60;
7000021;KLV15;AKT;M;R;H;13.02.1972;01.02.2016;01.02.2041;25;91000.00;monatlich;3679.44;36911.69;
7000022;KLV15;BFR;M;NR;E;26.08.1979;01.02.2016;01.02.2031;15;12753.92;monatlich;0.00;12252.70;
7000023;KLV15;BFR;M;R;H;12.06.1977;01.02.2016;01.02.2036;20;15610.92;monatlich;0.00;14329.03;
7000024;KLV15;AKT;M;NR;K;02.08.1984;01.12.2016;01.12.2041;25;46331.31;monatlich;1586.56;18025.32;
7000025;KLV15;AKT;M;NR;H;21.04.1972;01.08.2015;01.08.2035;20;106000.00;monatlich;4918.26;57072.75;
7000026;KLV15;AKT;M;NR;E;23.02.1984;01.12.2015;01.12.2045;30;82000.00;monatlich;2533.50;25647.74;
7000027;KLV15;BFR;W;NR;K;08.05.1976;01.08.2016;01.08.2028;12;17489.43;monatlich;0.00;17218.29;
7000029;KLV15;AKT;W;NR;E;10.11.1956;01.12.2016;01.12.2031;15;49350.00;monatlich;3630.47;30993.28;
7000030;KLV15;AKT;W;NR;E;02.07.1980;01.05.2016;01.05.2028;12;58000.00;monatlich;4811.06;50925.29;
7000031;KLV15;AKT;M;NR;H;21.02.1960;01.10.2016;01.10.2036;20;177000.00;monatlich;9065.70;85618.09;
7000032;KLV15;BFR;M;NR;K;10.08.1976;01.10.2015;01.10.2035;20;71754.10;monatlich;0.00;65938.82;
7000033;KLV15;AKT;M;NR;E;10.04.1989;01.04.2016;01.04.2031;15;85000.00;monatlich;5552.42;58589.47;
7000034;KLV15;AKT;M;R;E;10.02.1974;01.07.2015;01.07.2027;12;83780.93;monatlich;6079.94;80365.71;
7000035;KLV15;AKT;W;NR;K;06.09.1979;01.09.2016;01.09.2036;20;63000.00;monatlich;2963.07;29945.19;
7000036;KLV15;AKT;M;NR;E;26.12.1979;01.02.2015;01.02.2035;12;30000.00;monatlich;2284.56;27262.93;
7000037;KLV15;AKT;M;NR;E;14.04.1968;01.10.2015;01.10.2030;15;35000.00;monatlich;2335.70;25275.03;
7000039;KLV15;AKT;W;NR;K;28.07.1987;01.08.2016;01.08.2031;9;32000.00;monatlich;0.00;30375.63;
7000040;KLV15;AKT;M;NR;K;28.06.1991;01.09.2016;01.09.2031;9;31000.00;monatlich;0.00;29397.88;
7000041;KLV15;BFR;M;R;E;08.02.1954;01.07.2015;01.07.2027;12;26090.53;monatlich;0.00;25962.09;
7000042;KLV15;AKT;W;NR;H;22.03.1966;01.04.2016;01.04.2046;30;62000.00;monatlich;2118.36;21144.05;
7000043;KLV15;BFR;M;NR;H;23.10.1972;01.03.2016;01.03.2036;20;20401.81;monatlich;0.00;18690.23;
7000044;KLV15;AKT;M;R;H;10.10.1980;01.08.2015;01.08.2040;25;53800.76;monatlich;1831.31;24636.00;
7000045;KLV15;AKT;W;NR;K;19.07.1966;01.11.2015;01.11.2035;20;294000.00;monatlich;14338.92;152328.58;
7000046;KLV15;AKT;W;R;K;03.09.1966;01.02.2015;01.02.2027;7;59000.00;monatlich;0.00;58944.22;
7000047;KLV15;AKT;M;NR;E;20.02.1977;01.09.2015;01.09.2035;12;101248.78;monatlich;6087.14;88341.96;
7000048;KLV15;AKT;M;NR;E;22.04.1985;01.01.2016;01.01.2036;20;65000.00;monatlich;3119.62;32940.02;R
7000049;KLV15;AKT;W;R;K;07.03.1991;01.11.2015;01.11.2035;20;85000.00;jaehrlich;3960.67;44165.32;
7000050;KLV15;AKT;W;NR;E;11.09.1984;01.06.2016;01.06.2031;9;109200.00;jaehrlich;0.00;103984.39;
7000051;KLV15;AKT;M;NR;K;23.04.1976;01.02.2015;01.02.2035;20;35692.36;monatlich;1291.74;22928.76;
7000052;KLV15;AKT;W;NR;E;19.03.1977;01.08.2016;01.08.2046;30;78000.00;vierteljaehrlich;2483.32;22956.75;
7000053;KLV15;AKT;M;NR;E;20.06.1977;01.12.2016;01.12.2041;15;48000.00;monatlich;2846.72;27656.86;
7000054;KLV15;AKT;W;NR;E;08.01.1974;01.06.2016;01.06.2036;12;35000.00;monatlich;2683.16;27909.90;S
7000055;KLV15;AKT;M;NR;K;04.06.1963;01.06.2015;01.06.2040;15;120000.00;monatlich;7254.49;81331.92;
7000056;KLV15;AKT;M;R;H;13.04.1970;01.03.2015;01.03.2040;25;80000.00;monatlich;3287.81;35356.53;R
7000057;KLV15;BFR;M;NR;H;10.08.1975;01.09.2016;01.09.2036;20;7849.89;monatlich;0.00;7153.66;
7000058;KLV15;AKT;M;NR;H;21.04.1972;01.07.2015;01.07.2030;15;99000.00;monatlich;6212.36;74016.77;
7000059;KLV15;AKT;M;R;E;27.12.1989;01.07.2016;01.07.2031;15;64000.00;monatlich;4195.63;42952.83;
7000060;KLV15;AKT;M;NR;E;17.08.1966;01.09.2015;01.09.2035;12;60900.00;vierteljaehrlich;7301.59;50862.95;
7000061;KLV15;AKT;W;NR;H;03.01.1984;01.07.2016;01.07.2028;7;96000.00;jaehrlich;0.00;94373.54;
7000062;KLV15;AKT;M;NR;H;04.02.1991;01.12.2015;01.12.2035;12;112000.00;monatlich;8063.03;93902.11;R
7000063;KLV15;AKT;M;NR;K;23.02.1964;01.06.2016;01.06.2028;12;53000.00;monatlich;4372.13;46076.65;
7000064;KLV15;AKT;M;R;K;05.02.1963;01.02.2016;01.02.2036;12;105000.00;monatlich;8650.10;87193.95;
7000065;KLV15;AKT;W;R;K;13.03.1975;01.10.2016;01.10.2028;7;52000.00;monatlich;0.00;50976.39;
7000066;KLV15;AKT;M;NR;E;25.12.1975;01.06.2015;01.06.2035;20;46000.00;monatlich;2236.05;24675.14;
7000067;KLV15;AKT;W;NR;H;21.01.1954;01.04.2015;01.04.2035;20;136000.00;monatlich;7729.19;75300.85;
7000068;KLV15;AKT;M;NR;K;02.12.1973;01.02.2016;01.02.2036;20;38850.00;monatlich;1938.81;18890.32;
7000069;KLV15;AKT;M;NR;E;15.12.1956;01.08.2016;01.08.2031;15;151000.00;monatlich;11030.14;98706.32;
7000070;KLV15;AKT;M;R;K;24.02.1981;01.10.2015;01.10.2035;20;56000.00;monatlich;2653.82;29350.54;
7000071;KLV15;AKT;W;NR;H;23.11.1974;01.06.2016;01.06.2046;30;32000.00;monatlich;980.49;10188.07;R
7000072;KLV15;AKT;M;NR;H;07.10.1986;01.07.2016;01.07.2036;20;285600.00;monatlich;13645.41;134792.46;
7000073;KLV15;AKT;M;R;H;02.08.1976;01.12.2016;01.12.2036;20;106000.00;monatlich;5044.19;49987.85;
7000074;KLV15;AKT;W;NR;E;25.05.1962;01.12.2016;01.12.2036;20;46000.00;monatlich;2424.87;21159.24;
7000075;KLV15;AKT;W;NR;K;01.03.1981;01.09.2016;01.09.2036;20;36000.00;monatlich;1679.86;17202.40;
7000076;KLV15;AKT;W;NR;E;07.07.1973;01.02.2015;01.02.2045;18;51000.00;monatlich;2482.96;28250.46;
7000077;KLV15;BFR;M;NR;H;08.02.1955;01.04.2015;01.04.2035;20;39032.30;monatlich;0.00;36456.49;
7000078;KLV15;AKT;W;NR;H;16.07.1985;01.02.2015;01.02.2027;7;184397.63;monatlich;0.00;184233.90;
7000079;KLV15;AKT;W;R;E;04.11.1980;01.06.2016;01.06.2036;12;39000.00;jaehrlich;3001.54;31113.71;
7000080;KLV15;AKT;M;NR;E;28.02.1960;01.09.2015;01.09.2035;20;108000.00;monatlich;5768.94;56532.13;R
7000081;KLV15;AKT;M;NR;E;15.10.1992;01.01.2015;01.01.2045;30;276000.00;monatlich;8444.78;93820.13;
7000082;KLV15;AKT;W;NR;K;25.11.1993;01.05.2015;01.05.2035;20;134000.00;monatlich;6217.14;73053.69;
7000083;KLV15;BFR;M;NR;E;05.02.1976;01.10.2015;01.10.2027;12;21028.14;jaehrlich;0.00;20872.86;
7000085;KLV15;AKT;W;R;K;26.05.1979;01.02.2016;01.02.2036;12;155000.00;monatlich;11581.75;127857.89;
7000086;KLV15;BFR;M;NR;E;12.12.1988;01.05.2015;01.05.2035;12;17821.18;monatlich;0.00;16428.76;
7000087;KLV15;AKT;M;R;K;16.06.1964;01.04.2015;01.04.2030;9;31000.00;monatlich;0.00;29910.85;
7000088;KLV15;AKT;W;NR;K;25.07.1974;01.05.2015;01.05.2030;9;37964.97;monatlich;0.00;36617.08;
7000089;KLV15;AKT;M;NR;E;10.02.1963;01.04.2015;01.04.2035;20;110000.00;monatlich;5673.21;59789.28;
7000090;KLV15;AKT;W;NR;E;02.05.1971;01.03.2015;01.03.2040;15;130000.00;monatlich;7804.26;89532.32;
7000091;KLV15;AKT;W;R;E;11.03.1980;01.07.2016;01.07.2036;20;104000.00;jaehrlich;5125.56;49989.17;
7000092;KLV15;BFR;W;NR;H;10.11.1980;01.01.2016;01.01.2031;15;37867.00;monatlich;0.00;36407.67;
7000093;KLV15;AKT;M;NR;E;20.12.1981;01.12.2016;01.12.2041;15;92000.00;monatlich;5425.25;52983.49;
7000094;KLV15;AKT;M;NR;H;23.08.1973;01.12.2015;01.12.2035;20;22000.00;monatlich;1017.72;11479.87;
7000095;KLV15;AKT;M;R;E;05.12.1993;01.12.2016;01.12.2036;12;51450.00;monatlich;4010.20;38687.44;
7000096;KLV15;AKT;M;NR;H;26.04.1971;01.02.2015;01.02.2030;15;101000.00;monatlich;6350.00;78438.19;
7000097;KLV15;BFR;M;NR;E;01.10.1991;01.05.2016;01.05.2041;25;5340.96;halbjaehrlich;0.00;4650.61;
7000098;KLV15;AKT;M;NR;E;27.12.1969;01.10.2016;01.10.2036;20;64137.74;monatlich;2913.66;32433.19;
7000099;KLV15;AKT;M;NR;K;12.10.1991;01.08.2016;01.08.2028;12;62000.00;monatlich;4984.44;53135.54;
7000100;KLV15;BFR;M;NR;E;09.08.1969;01.11.2015;01.11.2030;9;118458.83;monatlich;0.00;114103.19;
7000101;KLV15;AKT;W;NR;H;07.11.1974;01.02.2016;01.02.2028;12;79000.00;jaehrlich;6256.34;71311.18;
7000102;KLV15;AKT;M;NR;H;05.08.1979;01.05.2015;01.05.2030;9;149000.00;monatlich;0.00;143462.37;
7000103;KLV15;AKT;M;NR;E;21.10.1974;01.09.2015;01.09.2040;15;75000.00;monatlich;4466.15;49201.06;
7000104;KLV15;AKT;W;NR;E;15.07.1996;01.11.2016;01.11.2041;15;57797.85;monatlich;2607.18;37348.20;
7000105;KLV15;AKT;W;NR;H;12.03.1970;01.09.2015;01.09.2030;9;109000.00;monatlich;0.00;104573.43;
7000106;KLV15;AKT;M;NR;K;18.12.1975;01.08.2016;01.08.2046;30;39900.00;halbjaehrlich;1255.07;11845.19;
7000107;KLV15;BFR;M;R;E;23.10.1990;01.10.2015;01.10.2027;12;7667.11;monatlich;0.00;7610.49;
7000108;KLV15;AKT;M;NR;H;18.02.1998;01.04.2016;01.04.2031;15;81900.00;monatlich;5600.03;54887.12;
7000109;KLV15;AKT;W;NR;E;16.01.1979;01.01.2015;01.01.2030;15;60000.00;monatlich;3932.54;46709.76;
7000110;KLV15;AKT;M;NR;E;22.06.1959;01.06.2015;01.06.2040;25;49000.00;monatlich;2272.69;21107.81;R
7000111;KLV15;AKT;W;NR;H;26.07.1979;01.01.2015;01.01.2040;25;68000.00;monatlich;2442.17;30046.34;
7000112;KLV15;AKT;W;NR;K;17.03.1979;01.02.2016;01.02.2031;15;32000.00;monatlich;2036.24;22519.41;
7000113;KLV15;AKT;W;R;E;01.03.1972;01.09.2016;01.09.2041;25;87000.00;monatlich;3732.20;31919.39;
7000114;KLV15;AKT;M;NR;E;05.06.1981;01.01.2016;01.01.2036;12;62000.00;monatlich;4718.29;51566.14;
7000115;KLV15;AKT;M;R;E;19.02.1978;01.06.2016;01.06.2036;20;84000.00;halbjaehrlich;4177.33;40688.35;
7000116;KLV15;BFR;M;NR;H;09.06.1989;01.08.2015;01.08.2030;9;10790.61;monatlich;0.00;10416.47;
7000117;KLV15;AKT;W;NR;E;18.09.1968;01.06.2015;01.06.2035;20;116000.00;monatlich;5777.51;62029.98;
7000118;KLV15;AKT;M;NR;H;01.10.1985;01.12.2015;01.12.2045;18;61000.00;monatlich;2732.07;31411.37;
7000119;KLV15;AKT;M;NR;E;09.04.1974;01.07.2015;01.07.2030;15;200000.00;monatlich;13182.60;148371.13;
7000120;KLV15;BFR;W;NR;E;07.07.1993;01.12.2016;01.12.2036;20;2317.34;monatlich;0.00;2103.79;
7000121;KLV15;AKT;W;R;E;03.07.1974;01.12.2015;01.12.2030;15;45000.00;monatlich;3029.93;31910.20;
7000122;KLV15;AKT;M;NR;E;20.06.1967;01.02.2015;01.02.2030;9;44000.00;monatlich;0.00;42526.11;
7000123;KLV15;AKT;M;R;E;27.04.1963;01.04.2016;01.04.2028;12;81000.00;monatlich;7292.43;71091.69;
7000124;KLV15;AKT;W;R;H;02.03.1972;01.01.2016;01.01.2036;12;104000.00;monatlich;7796.30;86741.25;
7000125;KLV15;AKT;M;NR;H;26.02.1980;01.01.2015;01.01.2030;15;99000.00;monatlich;6153.46;77605.33;
7000126;KLV15;AKT;W;NR;E;21.11.1978;01.09.2015;01.09.2040;15;96600.00;monatlich;6502.64;60660.54;
7000127;KLV15;AKT;M;NR;E;08.06.1955;01.12.2015;01.12.2040;25;31000.00;monatlich;1620.54;13024.95;
7000128;KLV15;AKT;M;NR;H;04.08.1973;01.08.2016;01.08.2036;12;63000.00;monatlich;5731.59;47682.65;
7000129;KLV15;AKT;W;NR;H;28.11.1979;01.08.2015;01.08.2027;12;151000.00;monatlich;11901.80;143109.73;
7000130;KLV15;AKT;W;NR;K;04.05.1986;01.06.2015;01.06.2030;15;20000.00;monatlich;1267.59;15028.33;R
7000131;KLV15;AKT;W;NR;E;27.11.1977;01.11.2015;01.11.2040;25;179000.00;halbjaehrlich;6842.39;70761.00;
7000132;KLV15;BFR;M;NR;E;12.12.1975;01.05.2015;01.05.2030;15;7571.22;monatlich;0.00;7327.35;
7000133;KLV15;AKT;M;R;E;20.08.1985;01.09.2015;01.09.2040;25;86561.40;halbjaehrlich;3194.89;36325.93;
7000134;KLV15;AKT;W;NR;H;27.07.1981;01.06.2016;01.06.2036;20;65000.00;monatlich;2965.64;32341.36;
7000135;KLV15;AKT;M;NR;E;23.08.1988;01.07.2015;01.07.2035;20;20000.00;monatlich;958.14;10650.34;
7000136;KLV15;AKT;W;NR;E;17.07.1967;01.11.2015;01.11.2030;15;69000.00;monatlich;4617.76;49387.55;
7000137;KLV15;AKT;W;NR;K;25.09.1970;01.05.2015;01.05.2040;25;99750.00;monatlich;3847.67;41652.53;
7000138;KLV15;BFR;M;NR;E;04.12.1985;01.03.2016;01.03.2036;20;3689.90;monatlich;0.00;3375.05;
7000139;KLV15;AKT;M;R;K;25.02.1976;01.04.2015;01.04.2040;25;115500.00;monatlich;4692.72;47186.53;
7000140;KLV15;AKT;W;NR;E;06.07.1990;01.04.2016;01.04.2041;15;48400.00;monatlich;3161.93;28608.64;
7000141;KLV15;AKT;M;NR;H;18.02.1972;01.08.2015;01.08.2030;15;87000.00;monatlich;5459.35;64536.65;
7000142;KLV15;AKT;M;NR;E;10.10.1965;01.03.2015;01.03.2035;20;213000.00;monatlich;10802.70;116604.24;
7000143;KLV15;AKT;W;NR;E;20.05.1974;01.03.2015;01.03.2030;9;37000.00;monatlich;0.00;35722.78;R
7000144;KLV15;AKT;W;NR;H;18.03.1990;01.03.2016;01.03.2028;12;83000.00;monatlich;6530.00;74355.94;
7000145;KLV15;AKT;M;NR;E;09.02.1962;01.02.2015;01.02.2035;20;54000.00;monatlich;2813.64;29827.07;
7000146;KLV15;AKT;M;NR;E;20.02.1977;01.07.2016;01.07.2031;15;48000.00;monatlich;3155.33;32205.25;
7000147;KLV15;AKT;M;R;H;05.10.1987;01.07.2016;01.07.2031;15;194250.00;jaehrlich;12403.98;130530.40;
7000148;KLV15;AKT;W;R;E;06.09.1996;01.02.2016;01.02.2046;30;67000.00;monatlich;2066.75;20435.48;
7000149;KLV15;BFR;W;NR;E;10.09.1990;01.06.2016;01.06.2041;25;27106.34;monatlich;0.00;23586.33;
7000150;KLV15;AKT;M;NR;K;15.02.1988;01.02.2016;01.02.2028;12;36000.00;monatlich;2893.86;32465.29;
7000151;KLV15;AKT;M;NR;E;18.12.1973;01.11.2016;01.11.2031;15;89250.00;monatlich;5973.19;57354.96;
7000152;KLV15;AKT;M;R;K;01.12.1971;01.08.2016;01.08.2031;15;54000.00;monatlich;3597.52;35771.63;
7000153;KLV15;AKT;M;NR;E;06.02.1986;01.02.2016;01.02.2036;20;57693.02;monatlich;2388.60;32246.41;
7000154;KLV15;AKT;M;NR;K;19.08.1982;01.03.2016;01.03.2036;20;107000.00;monatlich;4987.00;53844.85;
7000155;KLV15;AKT;M;R;H;08.08.1967;01.04.2015;01.04.2040;15;134400.00;monatlich;8648.81;92053.69;
7000156;KLV15;AKT;W;NR;K;23.01.1971;01.01.2015;01.01.2040;15;75600.00;monatlich;4443.26;52739.99;
7000157;KLV15;AKT;W;NR;K;18.01.1978;01.03.2016;01.03.2036;12;105000.00;monatlich;7759.18;85819.96;
7000160;KLV15;AKT;M;NR;K;25.04.1989;01.07.2015;01.07.2035;20;106000.00;monatlich;4917.44;56923.46;
7000161;KLV15;AKT;W;R;E;16.07.1976;01.02.2015;01.02.2030;9;96404.10;monatlich;0.00;93272.24;
7000162;KLV15;AKT;W;R;H;22.03.1998;01.07.2016;01.07.2036;12;124000.00;monatlich;8944.70;98107.33;
7000163;KLV15;AKT;M;R;E;26.02.1972;01.05.2015;01.05.2035;20;38000.00;vierteljaehrlich;1953.93;20408.18;
7000164;KLV15;AKT;M;R;H;16.02.1972;01.12.2016;01.12.2046;18;46000.00;monatlich;2287.88;21971.06;
7000165;KLV15;AKT;M;NR;E;23.10.1981;01.10.2016;01.10.2031;9;25000.00;monatlich;0.00;23717.14;
7000166;KLV15;AKT;W;R;E;20.09.1996;01.03.2015;01.03.2040;25;105000.00;monatlich;4047.34;42919.08;
7000167;KLV15;AKT;M;NR;K;03.02.1982;01.02.2015;01.02.2035;12;154000.00;monatlich;11341.53;139638.29;
7000168;KLV15;AKT;M;NR;E;15.08.1964;01.12.2016;01.12.2041;15;114000.00;monatlich;7122.49;66128.14;
7000169;KLV15;AKT;M;NR;E;03.02.1971;01.07.2016;01.07.2031;9;34650.00;monatlich;0.00;32972.50;
7000170;KLV15;AKT;M;NR;K;15.12.1984;01.04.2016;01.04.2036;20;139000.00;vierteljaehrlich;6466.02;69354.28;
7000171;KLV15;AKT;M;R;H;14.04.1972;01.01.2015;01.01.2030;15;114000.00;monatlich;7345.40;88860.27;
7000172;KLV15;AKT;W;NR;E;26.05.1975;01.02.2016;01.02.2036;20;97000.00;monatlich;4726.81;48672.85;
7000173;KLV15;AKT;M;NR;H;16.08.1972;01.05.2016;01.05.2036;20;120750.00;monatlich;5775.43;59088.08;
7000174;KLV15;AKT;W;NR;E;08.05.1963;01.12.2015;01.12.2040;25;67000.00;monatlich;2864.78;26905.86;
7000175;KLV15;AKT;M;R;K;24.02.1995;01.07.2016;01.07.2041;15;64000.00;monatlich;3644.22;38570.73;
7000176;KLV15;AKT;M;R;H;13.06.1961;01.07.2015;01.07.2035;20;103950.00;jaehrlich;6394.98;53986.07;
7000177;KLV15;AKT;W;NR;E;25.09.1961;01.11.2016;01.11.2031;15;66000.00;monatlich;4566.14;42339.64;
7000178;KLV15;AKT;M;NR;E;03.06.1967;01.09.2016;01.09.2036;20;34650.00;monatlich;1792.34;15908.03;
7000179;KLV15;AKT;M;NR;K;13.06.1983;01.01.2016;01.01.2041;25;64050.00;monatlich;2368.81;24849.82;
7000180;KLV15;AKT;M;NR;E;01.12.1976;01.08.2015;01.08.2030;9;81900.00;monatlich;0.00;78708.87;
7000181;KLV15;AKT;M;NR;H;17.08.1979;01.02.2016;01.02.2028;7;76000.00;monatlich;0.00;75066.90;
7000182;KLV15;AKT;W;NR;E;07.11.1971;01.03.2016;01.03.2041;25;115000.00;monatlich;4546.30;44052.17;
7000183;KLV15;AKT;W;R;H;09.05.1966;01.06.2016;01.06.2041;15;43000.00;monatlich;2722.70;26708.13;R
7000184;KLV15;BFR;W;R;K;08.09.1958;01.10.2016;01.10.2041;25;32599.07;monatlich;0.00;30097.42;
7000185;KLV15;AKT;M;NR;E;19.12.1970;01.08.2016;01.08.2036;20;154350.00;monatlich;7688.20;72963.71;
7000186;KLV15;AKT;W;NR;H;06.07.1970;01.08.2016;01.08.2036;20;24000.00;monatlich;1126.02;11708.67;
7000187;KLV15;AKT;W;NR;E;25.05.1990;01.04.2016;01.04.2036;12;158000.00;monatlich;11995.50;128085.42;
7000188;KLV15;AKT;W;R;H;14.05.1966;01.01.2015;01.01.2040;15;88200.00;monatlich;5643.76;62253.92;
7000190;KLV15;AKT;W;NR;H;21.11.1981;01.06.2015;01.06.2030;15;170000.00;monatlich;10560.06;128311.65;
7000191;KLV15;AKT;M;NR;E;13.08.1990;01.05.2016;01.05.2036;20;50400.00;monatlich;2442.96;24391.17;
7000192;KLV15;AKT;W;NR;E;12.11.1985;01.11.2015;01.11.2045;18;121000.00;monatlich;5737.76;61957.92;
7000193;KLV15;AKT;M;NR;E;11.08.1967;01.12.2015;01.12.2030;9;62000.00;monatlich;0.00;59381.86;
7000194;KLV15;AKT;M;NR;E;07.06.1983;01.02.2015;01.02.2035;20;77000.00;monatlich;3698.34;42690.87;
7000195;KLV15;BFR;M;R;H;10.10.1984;01.07.2016;01.07.2031;15;154180.78;monatlich;0.00;147534.95;
7000196;KLV15;BFR;M;NR;E;10.12.1978;01.08.2016;01.08.2041;25;7698.31;monatlich;0.00;6705.29;
7000197;KLV15;AKT;W;NR;E;25.11.1976;01.07.2016;01.07.2036;20;38000.00;monatlich;1847.17;18265.90;
7000198;KLV15;AKT;W;NR;E;27.03.1973;01.11.2015;01.11.2027;12;39000.00;jaehrlich;3250.73;36003.59;
7000199;KLV15;AKT;M;R;E;21.12.1963;01.02.2015;01.02.2035;20;32000.00;monatlich;1872.26;17534.70;
7000200;KLV15;AKT;W;NR;K;10.11.1972;01.08.2016;01.08.2036;12;114450.00;monatlich;9122.71;88757.87;
7000201;KLV15;BFR;W;R;H;26.01.1969;01.10.2015;01.10.2035;20;25219.09;monatlich;0.00;23295.80;
7000202;KLV15;AKT;M;NR;H;28.04.1962;01.02.2015;01.02.2027;12;29000.00;monatlich;2347.99;28778.39;R
7000203;KLV15;AKT;W;R;H;01.09.1995;01.12.2015;01.12.2040;25;180600.00;monatlich;6530.89;71514.45;
7000204;KLV15;AKT;M;NR;K;28.08.1976;01.12.2016;01.12.2031;15;117600.00;monatlich;7695.87;74934.29;
7000205;KLV15;AKT;W;NR;E;18.03.1967;01.01.2015;01.01.2027;12;112350.00;monatlich;0.00;112378.69;
7000206;KLV15;AKT;W;R;H;22.01.1967;01.09.2016;01.09.2041;25;65000.00;monatlich;2906.53;25627.62;
7000207;KLV15;AKT;W;NR;H;21.05.1972;01.10.2016;01.10.2036;12;39000.00;monatlich;2844.19;30100.21;
7000208;KLV15;AKT;M;NR;H;21.12.1959;01.04.2016;01.04.2028;12;96000.00;monatlich;7916.45;84888.08;
7000209;KLV15;AKT;W;R;K;12.05.1982;01.09.2016;01.09.2041;25;122850.00;halbjaehrlich;4670.62;44855.36;
7000210;KLV15;AKT;M;NR;H;05.12.1954;01.08.2015;01.08.2027;7;190000.00;monatlich;0.00;188742.52;
7000211;KLV15;AKT;W;NR;E;22.05.1994;01.09.2015;01.09.2035;20;68000.00;jaehrlich;3258.01;35576.97;
7000212;KLV15;AKT;M;NR;H;10.10.1974;01.03.2015;01.03.2030;15;103000.00;monatlich;6442.15;79458.76;
7000213;KLV15;AKT;W;NR;E;24.05.1978;01.06.2016;01.06.2031;9;41000.00;monatlich;0.00;39041.80;
7000214;KLV15;AKT;M;NR;K;15.04.1986;01.07.2015;01.07.2035;20;96000.00;vierteljaehrlich;4457.33;51575.11;
7000215;KLV15;BFR;M;R;H;25.04.1965;01.02.2015;01.02.2045;30;17610.44;monatlich;0.00;15722.69;
7000216;KLV15;AKT;W;NR;H;28.01.1977;01.07.2015;01.07.2030;9;50000.00;vierteljaehrlich;0.00;48052.40;
7000217;KLV15;AKT;M;NR;E;14.02.1962;01.04.2016;01.04.2036;12;58000.00;monatlich;4614.42;47197.86;
7000218;KLV15;AKT;W;NR;K;06.05.1975;01.11.2016;01.11.2031;9;34000.00;monatlich;0.00;32190.94;
7000219;KLV15;AKT;W;R;H;14.05.1982;01.03.2016;01.03.2036;12;81000.00;monatlich;5889.35;66348.37;
7000220;KLV15;AKT;W;NR;H;09.07.1975;01.08.2015;01.08.2035;20;39000.00;monatlich;1794.92;21020.84;
7000221;KLV15;BFR;W;NR;E;17.07.1979;01.08.2016;01.08.2031;15;40357.04;monatlich;0.00;38583.46;
7000222;KLV15;AKT;W;NR;H;26.03.1977;01.12.2015;01.12.2035;20;167000.00;jaehrlich;7654.44;87243.34;
7000223;KLV15;BFR;M;NR;E;21.10.1970;01.07.2015;01.07.2035;20;26322.05;monatlich;0.00;24269.49;
7000224;KLV15;AKT;W;NR;K;22.03.1970;01.03.2016;01.03.2031;9;65100.00;halbjaehrlich;0.00;62110.11;
7000225;KLV15;AKT;W;R;K;06.09.1994;01.11.2015;01.11.2035;20;213150.00;monatlich;10259.57;107879.62;
7000226;KLV15;AKT;M;NR;K;27.02.1986;01.04.2015;01.04.2030;15;78000.00;monatlich;4943.59;59534.44;R
7000227;KLV15;AKT;M;NR;H;17.10.1989;01.06.2016;01.06.2036;12;76000.00;monatlich;5470.50;60656.29;
7000228;KLV15;AKT;M;NR;E;17.10.1979;01.04.2015;01.04.2035;12;44000.00;monatlich;3350.69;39369.56;
7000229;KLV15;AKT;M;R;K;04.06.1989;01.08.2015;01.08.2035;20;33600.00;monatlich;1667.15;17111.85;
7000230;KLV15;AKT;M;NR;E;14.10.1965;01.10.2016;01.10.2031;15;40000.00;monatlich;2705.69;25973.32;
7000231;KLV15;AKT;W;R;E;25.01.1969;01.08.2016;01.08.2046;30;53000.00;monatlich;2191.13;17218.16;
7000232;KLV15;AKT;M;NR;H;26.10.1964;01.07.2015;01.07.2035;12;119000.00;monatlich;8846.31;104204.62;
7000233;KLV15;AKT;W;NR;E;03.01.1981;01.12.2015;01.12.2035;20;63000.00;monatlich;3031.76;32202.62;
7000234;KLV15;AKT;M;R;E;04.12.1985;01.06.2015;01.06.2040;25;47250.00;monatlich;1838.33;19120.82;
7000235;KLV15;AKT;M;R;H;17.04.1973;01.11.2016;01.11.2036;20;93450.00;monatlich;4775.20;42304.24;
7000236;KLV15;AKT;W;NR;H;11.07.1973;01.05.2016;01.05.2036;20;47000.00;monatlich;2180.74;23538.27;
7000237;KLV15;AKT;W;R;H;23.11.1969;01.03.2015;01.03.2040;25;74550.00;monatlich;3249.79;31689.66;
7000238;KLV15;AKT;W;NR;H;06.01.1997;01.08.2016;01.08.2046;18;37000.00;monatlich;1653.03;17759.67;
7000239;KLV15;AKT;M;NR;E;07.12.1991;01.12.2015;01.12.2035;12;119000.00;monatlich;9036.05;99757.41;
7000240;KLV15;AKT;M;R;E;12.04.1963;01.11.2015;01.11.2040;15;50000.00;vierteljaehrlich;3452.89;32707.91;
7000241;KLV15;AKT;M;R;K;19.08.1976;01.02.2016;01.02.2036;12;104000.00;monatlich;7836.91;85824.99;
7000242;KLV15;AKT;W;NR;E;10.09.1982;01.07.2016;01.07.2046;18;113000.00;monatlich;5384.03;54122.47;
7000243;KLV15;AKT;W;NR;K;16.05.1966;01.02.2016;01.02.2036;12;27300.00;monatlich;2574.44;22008.91;
7000245;KLV15;AKT;W;R;K;03.11.1987;01.02.2016;01.02.2041;15;70000.00;vierteljaehrlich;4007.10;44098.88;
7000246;KLV15;AKT;M;R;E;03.06.1976;01.03.2016;01.03.2028;12;94500.00;monatlich;8238.02;83950.26;
7000247;KLV15;AKT;M;NR;E;17.12.1963;01.06.2015;01.06.2035;12;50000.00;jaehrlich;3937.92;44199.93;
7000248;KLV15;AKT;W;NR;E;01.03.1988;01.09.2016;01.09.2036;20;17589.09;monatlich;632.56;10229.73;
7000249;KLV15;AKT;W;NR;E;15.01.1990;01.03.2015;01.03.2035;20;79000.00;monatlich;3783.64;43425.48;
7000250;KLV15;AKT;W;NR;E;01.11.1987;01.08.2015;01.08.2035;12;146182.54;monatlich;5588.10;130518.47;
7000251;KLV15;AKT;W;R;E;13.01.1984;01.07.2016;01.07.2036;20;61000.00;monatlich;2968.49;29333.85;
7000252;KLV15;AKT;W;NR;K;06.01.1971;01.11.2016;01.11.2036;20;25255.11;monatlich;688.38;16625.54;
7000253;KLV15;AKT;M;NR;H;02.10.1988;01.04.2016;01.04.2031;15;70000.00;monatlich;4340.04;48771.41;
7000254;KLV15;AKT;M;NR;E;26.10.1987;01.10.2015;01.10.2030;15;88049.81;monatlich;3397.00;72441.87;
7000255;KLV15;AKT;W;NR;K;16.03.1979;01.10.2016;01.10.2036;12;75000.00;monatlich;5537.28;57715.69;
7000256;KLV15;AKT;W;NR;E;23.11.1988;01.06.2015;01.06.2040;25;72000.00;jaehrlich;2702.12;29570.36;
7000257;KLV15;BFR;M;NR;K;27.12.1985;01.12.2016;01.12.2031;9;58663.68;monatlich;0.00;55898.03;
7000258;KLV15;AKT;W;R;E;20.11.1960;01.05.2016;01.05.2031;15;118000.00;monatlich;9209.74;78172.35;
7000259;KLV15;AKT;M;NR;E;18.10.1970;01.04.2016;01.04.2041;15;69300.00;monatlich;4218.65;42798.46;
7000260;KLV15;AKT;M;NR;E;27.02.1963;01.09.2015;01.09.2045;18;78750.00;monatlich;4200.83;41636.54;
7000261;KLV15;BFR;W;R;E;01.07.1980;01.11.2016;01.11.2028;12;61104.36;monatlich;0.00;60009.80;
7000262;KLV15;AKT;M;NR;K;21.10.1962;01.10.2015;01.10.2027;7;52000.00;monatlich;0.00;51557.51;
7000263;KLV15;AKT;W;NR;E;27.09.1973;01.12.2015;01.12.2045;30;66000.00;monatlich;2147.10;20980.32;
7000264;KLV15;AKT;M;NR;K;22.08.1980;01.03.2015;01.03.2030;15;80000.00;monatlich;5082.58;61517.06;
7000265;KLV15;AKT;M;NR;E;04.12.1993;01.07.2015;01.07.2040;25;45150.00;monatlich;1702.18;18199.03;
7000266;KLV15;AKT;W;NR;K;23.05.1977;01.03.2015;01.03.2035;20;62000.00;monatlich;2906.59;34357.75;
7000267;KLV15;AKT;W;NR;H;02.01.1983;01.06.2016;01.06.2028;12;61000.00;monatlich;4802.54;53297.55;
7000268;KLV15;AKT;W;NR;H;06.11.1989;01.01.2015;01.01.2035;12;60000.00;monatlich;0.00;54800.33;
7000269;KLV15;AKT;W;NR;E;05.11.1970;01.05.2016;01.05.2036;12;34650.00;monatlich;2741.77;27792.72;
7000270;KLV15;AKT;M;NR;E;11.08.1980;01.11.2015;01.11.2040;25;86000.00;monatlich;3261.70;33982.17;
7000271;KLV15;AKT;W;NR;E;26.01.1966;01.06.2016;01.06.2046;18;73000.00;vierteljaehrlich;3742.92;35955.58;
7000272;KLV15;AKT;M;NR;H;16.08.1977;01.11.2015;01.11.2035;20;88000.00;monatlich;4033.48;46343.37;R
7000273;KLV15;AKT;W;NR;E;21.05.1971;01.05.2016;01.05.2028;7;84000.00;monatlich;0.00;82762.48;
7000274;KLV15;AKT;W;NR;K;13.09.1974;01.07.2015;01.07.2027;12;36000.00;jaehrlich;2910.21;34358.90;
7000275;KLV15;AKT;M;NR;K;10.04.1989;01.12.2015;01.12.2035;20;131000.00;monatlich;6077.22;67535.96;
7000276;KLV15;AKT;W;NR;H;01.07.1964;01.09.2016;01.09.2028;12;104000.00;monatlich;8393.31;88287.40;
7000277;KLV15;AKT;W;NR;K;03.07.1993;01.10.2016;01.10.2031;15;59000.00;monatlich;3739.72;38769.95;R
7000278;KLV15;AKT;W;NR;K;23.01.1979;01.03.2016;01.03.2036;12;84000.00;halbjaehrlich;6201.75;68652.38;
7000279;KLV15;AKT;M;R;K;26.08.1966;01.08.2016;01.08.2036;20;116000.00;monatlich;6303.20;55466.33;
7000280;KLV15;AKT;M;R;K;22.04.1979;01.04.2016;01.04.2031;15;94500.00;monatlich;6165.48;64937.34;
7000281;KLV15;AKT;W;R;K;05.09.1992;01.11.2015;01.11.2040;25;102000.00;monatlich;3723.53;40755.77;
7000282;KLV15;AKT;W;NR;H;21.03.1966;01.09.2016;01.09.2036;20;95550.00;jaehrlich;4660.70;45540.41;
7000283;KLV15;AKT;W;NR;H;11.11.1987;01.11.2015;01.11.2035;20;29000.00;monatlich;1316.13;15271.32;
7000284;KLV15;AKT;W;NR;E;17.01.1978;01.02.2016;01.02.2041;25;53550.00;monatlich;2117.46;19787.15;
7000285;KLV15;AKT;W;NR;H;01.07.1957;01.05.2015;01.05.2040;15;68000.00;monatlich;4293.88;47114.80;
7000286;KLV15;AKT;M;NR;E;18.08.1981;01.11.2016;01.11.2036;20;68000.00;jaehrlich;3276.29;31559.43;
7000287;KLV15;BFR;M;NR;H;23.02.1983;01.02.2015;01.02.2035;20;16408.07;monatlich;0.00;15165.62;
7000288;KLV15;AKT;M;NR;E;17.10.1981;01.07.2015;01.07.2045;30;86000.00;jaehrlich;2678.38;28147.39;
7000289;KLV15;AKT;M;NR;E;19.02.1977;01.08.2016;01.08.2036;20;120000.00;monatlich;5820.27;57189.35;R
7000290;KLV15;AKT;M;NR;E;16.02.1997;01.11.2015;01.11.2035;20;63000.00;jaehrlich;3019.32;32401.02;
7000291;KLV15;BFR;M;NR;E;16.12.1990;01.08.2015;01.08.2035;20;10131.00;monatlich;0.00;9316.50;
7000292;KLV15;AKT;M;NR;E;24.08.1980;01.05.2015;01.05.2030;15;36750.00;monatlich;2742.65;26700.36;
7000293;KLV15;AKT;M;NR;H;28.02.1984;01.10.2016;01.10.2036;20;46000.00;monatlich;2092.34;22116.63;
7000294;KLV15;AKT;W;NR;H;17.09.1969;01.11.2016;01.11.2036;20;65000.00;monatlich;3063.69;30897.90;
7000295;KLV15;AKT;M;R;H;13.04.1978;01.06.2016;01.06.2036;20;34000.00;jaehrlich;1600.15;16894.42;R
7000296;KLV15;AKT;M;NR;E;20.04.1969;01.02.2016;01.02.2028;12;59850.00;monatlich;5106.43;53753.61;
7000297;KLV15;AKT;W;NR;E;20.09.1990;01.08.2016;01.08.2036;12;78000.00;monatlich;5921.83;61079.38;
7000298;KLV15;AKT;M;NR;K;04.08.1976;01.10.2015;01.10.2040;25;33000.00;monatlich;1223.64;13351.54;
7000299;KLV15;AKT;W;NR;E;03.05.1975;01.04.2016;01.04.2036;12;50000.00;monatlich;3827.44;40561.60;R
7000300;KLV15;AKT;M;NR;E;03.08.1978;01.03.2016;01.03.2036;12;138600.00;monatlich;10830.84;113078.94;
7000301;KLV15;BFR;W;NR;K;14.07.1968;01.03.2016;01.03.2041;25;34324.74;monatlich;0.00;30226.39;
7000302;KLV15;AKT;M;NR;H;28.08.1978;01.12.2016;01.12.2036;20;137000.00;monatlich;6279.39;64722.65;
7000303;KLV15;AKT;W;NR;E;10.05.1967;01.09.2016;01.09.2041;25;103000.00;monatlich;4224.22;37760.82;
7000304;KLV15;AKT;W;R;E;23.09.1978;01.05.2016;01.05.2041;25;75000.00;halbjaehrlich;3000.97;28330.52;
7000305;KLV15;AKT;M;NR;H;15.02.1975;01.10.2016;01.10.2028;12;89000.00;monatlich;7040.79;75095.20;
7000306;KLV15;AKT;M;NR;E;24.10.1970;01.06.2016;01.06.2036;20;45000.00;monatlich;2230.79;21764.34;
7000307;KLV15;AKT;W;NR;E;06.09.1987;01.01.2016;01.01.2036;20;25047.85;monatlich;1006.73;14347.76;
7000308;KLV15;AKT;W;NR;E;26.01.1961;01.02.2016;01.02.2041;25;51665.56;monatlich;1449.68;30441.87;
7000309;KLV15;AKT;W;NR;E;17.03.1974;01.06.2015;01.06.2030;15;64000.00;monatlich;4218.43;47861.79;
7000310;KLV15;AKT;M;NR;K;20.04.1963;01.07.2016;01.07.2028;12;112000.00;monatlich;9269.48;96484.55;
7000311;KLV15;BFR;M;NR;H;10.12.1983;01.05.2015;01.05.2045;30;28584.81;monatlich;0.00;24042.46;
7000312;KLV15;AKT;M;NR;E;02.02.1971;01.05.2016;01.05.2028;12;35073.24;monatlich;2410.24;31453.19;
7000313;KLV15;AKT;W;NR;H;10.03.1960;01.05.2015;01.05.2027;7;74000.00;monatlich;0.00;73720.14;
7000314;KLV15;AKT;W;NR;H;18.09.1978;01.12.2016;01.12.2041;25;44000.00;monatlich;1588.84;16169.81;
7000315;KLV15;AKT;W;NR;E;07.01.1971;01.02.2015;01.02.2040;25;55000.00;monatlich;2159.82;23421.17;
7000316;KLV15;AKT;W;NR;K;24.05.1964;01.01.2016;01.01.2031;9;103950.00;monatlich;0.00;99400.26;
7000317;KLV15;AKT;W;NR;E;18.03.1958;01.03.2015;01.03.2035;20;79200.00;halbjaehrlich;4715.75;41130.85;
7000318;KLV15;AKT;M;NR;K;09.10.1968;01.09.2016;01.09.2036;12;43000.00;jaehrlich;3234.57;33404.38;
7000319;KLV15;AKT;M;R;H;20.12.1964;01.08.2016;01.08.2036;20;102900.00;monatlich;5747.65;49713.96;
7000320;KLV15;AKT;W;NR;K;04.07.1982;01.04.2016;01.04.2031;15;96000.00;monatlich;6095.30;66461.13;
7000321;KLV15;AKT;M;NR;E;07.12.1980;01.04.2016;01.04.2028;12;92000.00;monatlich;7631.33;81471.99;
7000322;KLV15;AKT;W;NR;E;03.11.1990;01.04.2015;01.04.2035;20;58000.00;monatlich;2777.86;31630.40;
7000323;KLV15;AKT;W;NR;K;04.03.1987;01.04.2016;01.04.2031;15;48000.00;monatlich;3042.21;33236.04;
7000324;KLV15;AKT;W;NR;E;17.01.1959;01.06.2016;01.06.2044;28;49000.00;monatlich;2215.31;17808.93;
7000325;KLV15;AKT;W;NR;E;18.05.1984;01.08.2015;01.08.2030;9;60900.00;monatlich;0.00;58521.80;
7000326;KLV15;AKT;M;NR;E;13.04.1982;01.11.2016;01.11.2028;12;89000.00;monatlich;7376.24;74124.69;
7000327;KLV15;AKT;W;NR;K;24.11.1975;01.04.2015;01.04.2040;25;52099.08;monatlich;1870.12;22959.69;
7000328;KLV15;AKT;W;NR;E;24.03.1971;01.11.2015;01.11.2030;15;114000.00;monatlich;7554.10;81754.88;
7000329;KLV15;AKT;W;NR;K;26.05.1969;01.06.2016;01.06.2046;30;88000.00;monatlich;2927.84;27852.99;
7000330;KLV15;AKT;W;NR;H;07.07.1968;01.04.2016;01.04.2041;25;39000.00;monatlich;1492.85;15491.17;
7000331;KLV15;AKT;M;NR;K;04.10.1968;01.04.2015;01.04.2045;18;45150.00;monatlich;2355.01;23894.44;
7000332;KLV15;AKT;M;R;K;14.02.1988;01.08.2015;01.08.2035;12;79800.00;monatlich;6033.83;68970.31;
7000333;KLV15;AKT;M;NR;E;11.04.1983;01.01.2015;01.01.2035;20;35700.00;monatlich;1722.83;19874.48;
7000334;KLV15;AKT;W;NR;E;10.05.1981;01.08.2015;01.08.2045;30;37000.00;monatlich;1152.32;12009.91;
7000335;KLV15;AKT;W;R;E;28.03.1987;01.08.2016;01.08.2031;15;49350.00;monatlich;3381.58;32216.57;
7000337;KLV15;AKT;W;NR;E;03.03.1982;01.09.2016;01.09.2041;25;67000.00;monatlich;2535.88;24247.97;
7000338;KLV15;AKT;M;NR;E;02.02.1966;01.08.2016;01.08.2046;30;82000.00;monatlich;2980.95;25578.20;
7000339;KLV15;AKT;M;NR;E;11.08.1967;01.12.2015;01.12.2035;20;112000.00;vierteljaehrlich;5607.84;56991.98;
7000340;KLV15;AKT;M;NR;E;18.12.1979;01.09.2015;01.09.2035;20;220000.00;monatlich;10614.25;115285.24;
7000341;KLV15;AKT;M;NR;K;21.06.1993;01.10.2015;01.10.2040;25;104000.00;jaehrlich;3769.11;41813.78;
7000342;KLV15;AKT;W;NR;K;09.11.1979;01.05.2016;01.05.2036;12;39095.46;monatlich;2126.32;32551.84;
7000343;KLV15;AKT;W;NR;K;03.11.1967;01.12.2015;01.12.2040;25;279300.00;monatlich;11089.83;110364.89;
7000344;KLV15;AKT;W;NR;E;24.01.1970;01.11.2015;01.11.2035;20;35000.00;monatlich;1727.80;17979.12;
7000345;KLV15;BFR;W;NR;E;26.05.1970;01.12.2015;01.12.2030;15;32872.33;monatlich;0.00;31637.05;
7000346;KLV15;AKT;M;NR;H;23.04.1960;01.02.2016;01.02.2036;12;69274.27;monatlich;2902.78;60413.93;
7000347;KLV15;AKT;M;NR;E;14.02.1978;01.12.2015;01.12.2035;20;92000.00;monatlich;4445.59;47009.65;
7000348;KLV15;AKT;W;R;K;17.05.1978;01.02.2016;01.02.2041;15;40000.00;monatlich;2343.96;25272.77;
7000349;KLV15;AKT;M;R;K;04.10.1968;01.10.2015;01.10.2040;25;45000.00;jaehrlich;1971.27;18629.48;
7000350;KLV15;AKT;W;NR;H;21.11.1972;01.03.2015;01.03.2035;20;125000.00;monatlich;5799.83;69929.21;
7000351;KLV15;AKT;W;NR;H;24.03.1975;01.06.2015;01.06.2035;12;95550.00;monatlich;7270.33;83950.29;
7000352;KLV15;AKT;M;NR;E;07.10.1983;01.07.2016;01.07.2046;30;68000.00;vierteljaehrlich;2111.45;20038.43;
7000353;KLV15;AKT;M;R;K;13.12.1981;01.08.2015;01.08.2030;15;104000.00;monatlich;6662.19;76791.55;
7000354;KLV15;BFR;W;R;H;22.09.1985;01.03.2015;01.03.2027;12;20113.24;monatlich;0.00;20080.24;
7000355;KLV15;AKT;W;R;E;04.03.1985;01.10.2015;01.10.2035;20;86100.00;vierteljaehrlich;4240.16;44139.88;
7000356;KLV15;AKT;W;NR;E;06.07.1983;01.06.2016;01.06.2041;25;80850.00;jaehrlich;3102.16;29404.20;
7000357;KLV15;AKT;W;NR;E;10.07.1982;01.01.2016;01.01.2041;25;32000.00;monatlich;1211.17;12427.38;S
7000358;KLV15;AKT;W;NR;K;21.07.1985;01.12.2016;01.12.2046;30;71000.00;monatlich;2117.44;20411.64;
7000359;KLV15;AKT;W;R;E;12.01.1970;01.08.2015;01.08.2035;20;166950.00;monatlich;8933.77;85883.40;
7000360;KLV15;AKT;M;NR;K;21.10.1967;01.02.2016;01.02.2036;12;79800.00;jaehrlich;6316.81;65535.12;
7000361;KLV15;AKT;M;R;E;10.08.1983;01.12.2016;01.12.2028;12;89250.00;monatlich;9290.05;70279.01;
7000362;KLV15;AKT;M;R;K;03.08.1970;01.01.2016;01.01.2046;30;58800.00;halbjaehrlich;2307.74;20029.89;
7000363;KLV15;AKT;M;R;K;11.12.1992;01.11.2016;01.11.2031;15;88000.00;monatlich;5589.93;57297.34;
7000364;KLV15;AKT;W;R;K;06.05.1961;01.01.2016;01.01.2036;20;60900.00;monatlich;3765.52;30931.17;
7000365;KLV15;AKT;M;NR;E;11.04.1966;01.11.2015;01.11.2030;9;41702.55;monatlich;0.00;40024.07;
7000366;KLV15;AKT;W;NR;K;06.05.1971;01.12.2016;01.12.2036;20;46000.00;monatlich;2198.99;21337.40;
7000367;KLV15;AKT;W;NR;E;18.03.1960;01.11.2016;01.11.2028;12;24286.50;monatlich;1917.47;20428.27;
7000368;KLV15;AKT;M;NR;H;26.10.1980;01.07.2016;01.07.2036;20;128000.00;monatlich;5847.87;63150.90;
7000369;KLV15;AKT;M;R;E;10.08.1995;01.05.2016;01.05.2041;15;84000.00;vierteljaehrlich;4979.32;51240.18;
7000370;KLV15;AKT;M;NR;E;07.08.1985;01.09.2015;01.09.2030;9;50000.00;monatlich;0.00;48002.73;
7000371;KLV15;AKT;M;NR;H;28.08.1975;01.12.2015;01.12.2035;20;221000.00;monatlich;10171.24;115396.52;
7000372;KLV15;BFR;M;NR;E;10.02.1986;01.10.2016;01.10.2031;9;18132.94;halbjaehrlich;0.00;17306.10;
7000373;KLV15;AKT;M;R;E;03.12.1994;01.04.2016;01.04.2036;20;52584.82;jaehrlich;2343.56;27543.00;
7000374;KLV15;AKT;M;NR;H;06.12.1989;01.10.2015;01.10.2035;20;106050.00;vierteljaehrlich;4890.88;55583.70;
7000375;KLV15;AKT;W;R;E;25.07.1985;01.06.2016;01.06.2036;20;69300.00;monatlich;3436.43;32982.94;
7000376;KLV15;AKT;W;NR;E;07.07.1976;01.05.2015;01.05.2035;20;53550.00;monatlich;2609.70;28851.18;
7000377;KLV15;AKT;M;NR;H;12.04.1966;01.01.2016;01.01.2028;12;52565.67;monatlich;3050.21;48963.81;
7000378;KLV15;AKT;W;NR;E;10.03.1981;01.01.2016;01.01.2041;25;65000.00;monatlich;2465.24;25249.91;
7000379;KLV15;AKT;M;NR;E;09.10.1974;01.09.2016;01.09.2036;20;30224.96;monatlich;1500.82;14133.65;
7000380;KLV15;AKT;M;R;H;28.04.1976;01.03.2015;01.03.2045;30;100000.00;monatlich;3252.42;36515.85;
7000381;KLV15;AKT;M;NR;E;24.10.1972;01.03.2016;01.03.2036;20;167000.00;monatlich;8213.11;82972.02;
7000382;KLV15;AKT;M;R;E;16.06.1994;01.09.2016;01.09.2031;9;220000.00;monatlich;0.00;208889.97;
7000383;KLV15;AKT;M;NR;H;14.06.1958;01.11.2015;01.11.2030;15;53000.00;monatlich;3534.68;38054.06;
7000384;KLV15;AKT;W;NR;H;17.07.1965;01.08.2016;01.08.2041;25;183000.00;monatlich;7264.39;71212.60;
7000385;KLV15;AKT;W;NR;E;26.11.1985;01.12.2016;01.12.2028;12;48000.00;monatlich;3975.12;39619.57;
7000386;KLV15;AKT;W;R;E;15.05.1974;01.10.2015;01.10.2040;25;69000.00;monatlich;2842.62;27685.04;
7000387;KLV15;AKT;W;NR;E;22.01.1974;01.06.2016;01.06.2028;7;81000.00;monatlich;0.00;79732.61;
7000388;KLV15;AKT;W;NR;E;15.05.1960;01.10.2016;01.10.2031;9;82000.00;monatlich;0.00;77931.22;R
7000389;KLV15;AKT;W;NR;E;05.11.1979;01.12.2016;01.12.2046;30;54000.00;vierteljaehrlich;1701.31;15267.70;
7000390;KLV15;AKT;M;R;E;24.08.1980;01.04.2016;01.04.2036;20;61000.00;monatlich;3006.34;30096.44;
7000391;KLV15;AKT;M;R;H;22.06.1973;01.12.2016;01.12.2031;9;82000.00;monatlich;0.00;77627.53;
7000392;KLV15;AKT;M;NR;K;24.10.1996;01.03.2016;01.03.2036;12;19382.34;monatlich;956.89;16452.69;
7000393;KLV15;AKT;M;NR;E;12.04.1969;01.08.2015;01.08.2045;30;72000.00;monatlich;2447.37;24077.99;
7000394;KLV15;AKT;M;NR;E;11.08.1965;01.05.2016;01.05.2041;15;39000.00;monatlich;2419.28;24049.64;
7000395;KLV15;AKT;W;R;E;06.05.1978;01.10.2016;01.10.2031;15;231000.00;monatlich;15392.87;150522.05;
7000396;KLV15;AKT;W;NR;K;27.09.1969;01.08.2015;01.08.2040;15;46000.00;halbjaehrlich;2690.30;30505.23;
7000397;KLV15;AKT;M;NR;E;26.12.1975;01.01.2015;01.01.2045;30;94000.00;monatlich;3011.67;32530.00;
7000398;KLV15;AKT;W;R;K;02.01.1966;01.01.2016;01.01.2036;20;34849.23;jaehrlich;1630.14;19691.59;
7000399;KLV15;AKT;M;NR;E;21.10.1978;01.03.2016;01.03.2028;7;156000.00;monatlich;0.00;153984.77;
7000400;KLV15;AKT;M;NR;E;04.06.1968;01.07.2016;01.07.2041;25;51000.00;monatlich;2068.86;18973.91;
7000401;KLV15;AKT;W;NR;E;07.11.1974;01.08.2015;01.08.2027;12;92000.00;monatlich;7660.05;87056.80;
7000402;KLV15;AKT;W;NR;H;16.11.1985;01.04.2015;01.04.2040;25;31409.36;monatlich;1002.55;14987.52;
7000403;KLV15;AKT;M;NR;E;17.06.1975;01.11.2016;01.11.2028;7;42000.00;jaehrlich;0.00;41151.56;R
7000404;KLV15;AKT;M;NR;E;10.08.1978;01.05.2016;01.05.2028;12;53000.00;monatlich;4401.55;46529.11;
7000405;KLV15;AKT;W;NR;E;04.05.1976;01.04.2016;01.04.2036;20;63000.00;monatlich;3062.42;31087.72;
7000406;KLV15;BFR;W;NR;H;13.09.1994;01.05.2016;01.05.2046;30;12570.00;monatlich;0.00;10447.02;
7000407;KLV15;AKT;M;NR;H;24.06.1995;01.06.2015;01.06.2040;25;204750.00;monatlich;7550.63;82823.79;
7000408;KLV15;AKT;W;NR;K;02.01.1974;01.12.2016;01.12.2036;20;72000.00;monatlich;3407.13;33439.53;
7000409;KLV15;AKT;W;NR;E;27.05.1967;01.12.2016;01.12.2031;15;46000.00;monatlich;3088.23;29366.94;
7000410;KLV15;AKT;W;NR;E;16.05.1972;01.01.2015;01.01.2035;20;53000.00;monatlich;2597.73;29534.11;
7000411;KLV15;AKT;M;NR;E;02.08.1995;01.07.2016;01.07.2041;25;143000.00;monatlich;5359.91;52350.83;
7000412;KLV15;AKT;W;NR;E;03.01.1961;01.07.2015;01.07.2045;30;33000.00;monatlich;1323.37;12059.83;
7000413;KLV15;AKT;W;NR;E;11.03.1971;01.12.2015;01.12.2030;15;205000.00;monatlich;13584.12;145787.26;R
7000414;KLV15;AKT;M;R;E;03.06.1972;01.06.2016;01.06.2036;20;48000.00;monatlich;2490.43;23110.83;
7000415;KLV15;AKT;W;NR;K;25.07.1991;01.09.2016;01.09.2031;15;46200.00;monatlich;3025.78;30190.46;
7000416;KLV15;AKT;M;R;E;08.02.1965;01.11.2015;01.11.2040;25;56000.00;halbjaehrlich;2736.57;23100.58;
7000417;KLV15;AKT;W;NR;K;09.09.1985;01.02.2016;01.02.2041;25;74000.00;monatlich;2695.26;28901.66;
7000418;KLV15;AKT;W;R;E;15.05.1985;01.10.2015;01.10.2030;15;124000.00;monatlich;8147.31;89811.08;
7000419;KLV15;AKT;M;NR;E;27.08.1986;01.01.2016;01.01.2041;15;88200.00;monatlich;5309.13;55384.29;
7000420;KLV15;AKT;M;NR;E;17.04.1989;01.05.2016;01.05.2036;20;88000.00;monatlich;4215.83;43065.28;
7000421;KLV15;AKT;W;R;K;02.07.1992;01.07.2016;01.07.2036;20;142000.00;monatlich;6616.65;68955.82;
7000422;KLV15;AKT;M;NR;H;08.10.1989;01.11.2016;01.11.2046;30;42000.00;monatlich;1215.30;12523.31;
7000423;KLV15;AKT;M;NR;E;16.06.1972;01.06.2016;01.06.2031;15;78000.00;monatlich;5168.59;52701.67;
7000424;KLV15;AKT;W;NR;E;22.11.1972;01.05.2015;01.05.2035;20;110250.00;monatlich;5740.71;57060.53;
7000425;KLV15;BFR;W;R;K;10.03.1981;01.09.2015;01.09.2035;20;8016.04;monatlich;0.00;7376.75;
7000426;KLV15;AKT;M;NR;E;01.04.1994;01.11.2016;01.11.2041;15;151200.00;jaehrlich;9093.14;86654.46;
7000427;KLV15;AKT;W;NR;K;23.05.1994;01.06.2016;01.06.2041;25;75600.00;monatlich;2783.10;27803.65;
7000428;KLV15;AKT;M;R;H;28.10.1973;01.06.2016;01.06.2041;25;89000.00;monatlich;3546.19;34887.15;
7000429;KLV15;AKT;M;NR;H;06.06.1985;01.02.2016;01.02.2031;15;91300.00;vierteljaehrlich;6255.42;62296.12;
7000430;KLV15;AKT;M;R;E;03.06.1973;01.07.2015;01.07.2035;12;40950.00;monatlich;3286.75;35832.39;
7000431;KLV15;AKT;M;R;K;13.12.1966;01.05.2016;01.05.2041;15;43000.00;halbjaehrlich;2786.49;26732.57;
7000432;KLV15;AKT;M;NR;E;27.08.1973;01.11.2015;01.11.2030;15;124950.00;monatlich;8721.69;87992.32;
7000433;KLV15;AKT;W;NR;E;09.09.1975;01.12.2015;01.12.2035;20;90300.00;monatlich;4508.37;45121.05;
7000434;KLV15;AKT;M;R;H;06.04.1969;01.07.2016;01.07.2041;25;113000.00;monatlich;4824.19;44615.88;
7000435;KLV15;AKT;W;NR;H;09.11.1988;01.11.2016;01.11.2041;15;53550.00;monatlich;3277.76;29988.19;
7000436;KLV15;AKT;W;NR;H;20.07.1981;01.11.2015;01.11.2030;15;138000.00;monatlich;8572.28;100131.47;
7000437;KLV15;AKT;W;NR;E;04.11.1966;01.08.2016;01.08.2046;30;42000.00;monatlich;1526.83;13101.03;
7000438;KLV15;AKT;M;NR;E;23.08.1961;01.11.2015;01.11.2030;15;96000.00;monatlich;6596.15;68438.27;
7000439;KLV15;AKT;W;NR;E;08.05.1984;01.04.2015;01.04.2035;20;87150.00;monatlich;4202.53;47378.16;
7000440;KLV15;AKT;M;NR;E;15.12.1980;01.10.2015;01.10.2035;20;94500.00;monatlich;4574.75;48907.07;
7000441;KLV15;AKT;W;R;E;03.07.1976;01.10.2015;01.10.2040;25;97525.19;halbjaehrlich;2986.79;50439.60;
7000442;KLV15;AKT;W;R;K;22.01.1987;01.01.2015;01.01.2027;12;25066.92;monatlich;0.00;25066.92;
7000443;KLV15;AKT;M;NR;E;09.10.1969;01.09.2016;01.09.2041;15;63000.00;monatlich;3824.28;37372.30;
7000444;KLV15;AKT;M;NR;E;09.12.1993;01.01.2015;01.01.2045;30;57750.00;monatlich;1792.55;19158.61;
7000445;KLV15;AKT;W;NR;E;09.11.1979;01.06.2015;01.06.2030;9;103000.00;monatlich;0.00;99165.11;
7000446;KLV15;AKT;W;NR;E;17.05.1982;01.09.2016;01.09.2041;25;26000.00;vierteljaehrlich;984.07;9409.66;
7000447;KLV15;AKT;M;R;E;28.04.1962;01.02.2015;01.02.2040;25;100800.00;monatlich;5570.44;44563.13;
7000448;KLV15;AKT;M;NR;K;03.12.1987;01.10.2015;01.10.2035;12;38142.30;vierteljaehrlich;2206.56;33014.10;
7000449;KLV15;AKT;M;R;K;15.02.1971;01.01.2016;01.01.2028;12;98000.00;monatlich;8145.66;88845.05;
7000450;KLV15;BFR;M;NR;E;03.12.1970;01.04.2015;01.04.2045;18;25915.56;monatlich;0.00;22099.37;
7000451;KLV15;BFR;M;NR;H;09.02.1975;01.06.2015;01.06.2035;20;17694.14;monatlich;0.00;16313.54;
7000452;KLV15;AKT;W;NR;E;28.03.1974;01.11.2016;01.11.2036;20;29000.00;jaehrlich;1417.06;13435.31;R
7000453;KLV15;AKT;W;NR;K;06.03.1965;01.05.2015;01.05.2035;20;38000.00;monatlich;1865.97;20658.84;S
7000454;KLV15;AKT;W;R;H;07.11.1967;01.01.2016;01.01.2036;12;49000.00;halbjaehrlich;3791.67;40959.96;
7000455;KLV15;AKT;M;NR;E;06.12.1979;01.03.2016;01.03.2046;30;90300.00;monatlich;2851.63;27525.46;
7000456;KLV15;AKT;M;NR;H;28.06.1987;01.03.2015;01.03.2030;15;30000.00;monatlich;1860.02;23172.95;
7000457;KLV15;AKT;W;NR;H;02.09.1966;01.12.2016;01.12.2028;7;30000.00;monatlich;0.00;29353.78;
7000458;KLV15;AKT;W;R;H;20.05.1986;01.02.2015;01.02.2040;25;62812.18;monatlich;2142.89;29076.89;
7000459;KLV15;AKT;W;NR;H;14.05.1975;01.07.2015;01.07.2027;12;56000.00;monatlich;4425.97;53485.87;
7000460;KLV15;AKT;M;NR;E;13.02.1964;01.12.2016;01.12.2036;20;48000.00;monatlich;2475.58;22019.99;
7000461;KLV15;AKT;M;NR;K;11.06.1969;01.06.2016;01.06.2028;12;164000.00;monatlich;13369.70;142772.56;
7000462;KLV15;AKT;W;NR;E;19.09.1987;01.10.2015;01.10.2040;25;54600.00;monatlich;2082.28;21280.05;
7000463;KLV15;AKT;W;NR;E;03.03.1965;01.12.2016;01.12.2028;12;181650.00;halbjaehrlich;15637.41;148936.77;
7000464;KLV15;AKT;M;R;K;05.10.1974;01.10.2015;01.10.2045;18;149000.00;vierteljaehrlich;7346.55;78554.96;
7000465;KLV15;AKT;W;NR;K;04.11.1980;01.12.2016;01.12.2031;9;54000.00;monatlich;0.00;51071.22;R
7000466;KLV15;AKT;W;R;E;28.11.1986;01.12.2015;01.12.2040;15;64050.00;monatlich;3955.60;40350.86;
7000467;KLV15;AKT;M;NR;K;18.10.1972;01.09.2016;01.09.2036;20;30450.00;monatlich;1468.03;14346.79;
7000468;KLV15;AKT;W;NR;E;15.09.1985;01.12.2016;01.12.2036;20;281400.00;monatlich;13726.47;127241.35;
7000469;KLV15;AKT;W;R;E;21.07.1983;01.05.2015;01.05.2035;20;84000.00;monatlich;4087.75;45442.01;
7000470;KLV15;AKT;M;NR;E;01.02.1977;01.11.2016;01.11.2036;12;46000.00;monatlich;3512.49;35087.68;
7000471;KLV15;AKT;M;NR;K;19.12.1968;01.02.2016;01.02.2036;20;78000.00;monatlich;3781.59;39424.58;
7000472;KLV15;AKT;W;NR;H;01.03.1974;01.07.2015;01.07.2035;20;39962.96;monatlich;1695.47;22916.78;
7000473;KLV15;AKT;M;NR;K;21.08.1970;01.05.2016;01.05.2036;20;44013.86;jaehrlich;1872.14;23818.78;
7000474;KLV15;AKT;M;NR;K;28.06.1963;01.04.2015;01.04.2030;9;67000.00;monatlich;0.00;64599.27;
7000475;KLV15;AKT;M;NR;H;20.08.1971;01.02.2015;01.02.2045;30;34231.27;monatlich;874.48;15481.02;
7000476;KLV15;AKT;W;R;K;18.03.1994;01.02.2016;01.02.2028;7;66150.00;monatlich;0.00;65337.77;
7000477;KLV15;AKT;W;NR;E;26.05.1959;01.10.2016;01.10.2031;9;60000.00;monatlich;0.00;57039.83;
7000478;KLV15;BFR;M;NR;H;11.08.1966;01.05.2015;01.05.2040;25;9814.23;monatlich;0.00;8717.38;
7000479;KLV15;AKT;W;NR;E;17.05.1979;01.07.2015;01.07.2027;12;39000.00;monatlich;3235.02;37209.78;R
7000480;KLV15;AKT;M;NR;E;03.04.1981;01.04.2016;01.04.2041;15;98700.00;monatlich;6407.18;58727.38;
7000481;KLV15;AKT;W;R;E;28.05.1961;01.01.2016;01.01.2031;15;63000.00;monatlich;4902.61;43021.61;
7000482;KLV15;AKT;W;NR;H;21.03.1990;01.08.2016;01.08.2046;30;72370.67;monatlich;1951.10;24675.51;
7000483;KLV15;AKT;M;NR;E;21.08.1960;01.07.2015;01.07.2045;30;42000.00;monatlich;1735.97;15561.38;
7000484;KLV15;AKT;W;R;H;07.05.1982;01.12.2015;01.12.2040;25;63000.00;vierteljaehrlich;2306.67;25672.17;
7000485;KLV15;AKT;W;R;E;03.11.1994;01.08.2016;01.08.2041;25;117600.00;monatlich;4450.48;42491.64;
7000486;KLV15;AKT;W;R;E;13.03.1975;01.10.2016;01.10.2046;30;90300.00;monatlich;3268.50;26478.95;
7000487;KLV15;AKT;M;NR;E;15.02.1971;01.03.2016;01.03.2036;12;57000.00;monatlich;4393.68;46647.89;
7000488;KLV15;BFR;W;R;E;20.01.1961;01.07.2015;01.07.2030;15;16899.78;jaehrlich;0.00;16357.93;
7000489;KLV15;AKT;W;R;H;04.01.1975;01.03.2016;01.03.2036;20;110000.00;monatlich;5268.60;55903.01;
7000490;KLV15;AKT;M;NR;K;11.06.1987;01.03.2016;01.03.2031;9;33600.00;monatlich;0.00;32045.82;
7000491;KLV15;AKT;M;NR;H;17.12.1976;01.01.2015;01.01.2035;20;30000.00;monatlich;1377.72;17058.88;
7000492;KLV15;AKT;W;NR;E;16.09.1971;01.02.2016;01.02.2041;25;39000.00;monatlich;1541.79;15067.72;
7000493;KLV15;AKT;M;NR;H;08.12.1981;01.08.2016;01.08.2036;12;78750.00;monatlich;5774.47;61668.60;
7000494;KLV15;AKT;W;NR;E;14.05.1981;01.05.2015;01.05.2030;15;179000.00;monatlich;11716.13;135097.64;
7000495;KLV15;AKT;W;R;K;07.07.1988;01.09.2016;01.09.2031;9;74000.00;halbjaehrlich;0.00;70184.43;
7000496;KLV15;AKT;W;NR;K;03.05.1973;01.11.2015;01.11.2035;20;116000.00;monatlich;5489.26;60237.47;
7000497;KLV15;AKT;W;NR;H;20.05.1996;01.03.2015;01.03.2045;30;72450.00;monatlich;2108.04;24869.32;
7000498;KLV15;AKT;W;R;K;03.05.1982;01.03.2015;01.03.2035;12;32000.00;monatlich;2374.17;28821.79;
7000499;KLV15;AKT;W;NR;K;07.09.1985;01.06.2015;01.06.2040;15;77000.00;monatlich;4375.54;51715.55;
7000500;KLV15;BFR;W;NR;H;18.05.1986;01.01.2016;01.01.2028;7;42633.16;monatlich;0.00;42213.41;
